,ISUS11,GOVE11,REVE11,BOVA11
2023-01-02,0.062498122453689575,-0.08347724874814351,0.0,0.0
2023-01-03,0.04068934048215549,-0.05565149916542901,-0.15153373405337334,0.0
2023-01-04,-0.05842854165368609,-0.09767848391223838,-0.28764759252468747,0.0
2023-01-05,-0.0389523611024574,-0.10239226711385045,-0.191765061683125,0.0
2023-01-06,-0.025968240734971604,-0.06826151140923364,-0.1278433744554167,0.0
2023-01-08,-0.017312160489981073,-0.045507674272822436,-0.08522891630361114,0.0
2023-01-09,-0.01154144032665405,-0.07317889803380906,-0.056819277535740766,-0.03816598902146021
2023-01-10,-0.0076942935511027,-0.09630087729117036,-0.03787951835716052,-0.025443992680973478
2023-01-11,-0.0051295290340684675,-0.0417147996744895,-0.025253012238107015,-0.016962661787315654
2023-01-12,-0.1809284139805173,-0.06642651625615915,-0.016835341492071346,-0.04992509099804325
2023-01-13,-0.1206189426536782,-0.044284344170772774,-0.16275729504808756,-0.13590130350962587
2023-01-15,-0.08041262843578548,-0.02952289611384852,-0.10850486336539172,-0.09060086900641726
2023-01-16,-0.027360391076203795,-0.05539467578322082,-0.07233657557692783,-0.09611332437826664
2023-01-17,-0.0182402607174692,-0.07886290315250813,-0.04822438371795189,-0.06407554958551111
2023-01-18,-0.012160173811646134,-0.05257526876833876,-0.03214958914530126,-0.04271703305700741
2023-01-19,-0.10671025279206159,-0.03505017917889251,-0.021433059430200845,-0.02847802203800494
2023-01-20,-0.07114016852804107,-0.05430469371569087,-0.014288706286800564,-0.01898534802533663
2023-01-22,-0.047426779018694055,-0.036203129143793915,-0.009525804191200377,-0.012656898683557755
2023-01-23,-0.031547499330079484,-0.024135419429195944,-0.0063505361274669185,-0.008437932455705172
2023-01-24,-0.03343683324339385,-0.016090279619463965,-0.004233690751644613,-0.0056252883038034485
2023-01-25,-0.02229122216226257,-0.010726853079642645,-0.002822460501096409,-0.0037501922025356326
2023-01-26,-0.014860814774841715,-0.06891701295445084,-0.0018816403340642727,-0.0025001281350237555
2023-01-27,-0.009907209849894478,-0.04594467530296723,-0.001254426889376182,-0.0016667520900158373
2023-01-30,-0.00660480656659632,-0.12602604395579284,0.06436519659045249,-0.0011111680600105584
2023-01-31,0.2640960321761765,-0.044794317836933585,0.042910131060301664,-0.0007407787066737057
2023-02-01,0.17606402145078434,-0.029862878557955726,0.02860675404020111,-0.0004938524711158038
2023-02-02,0.11737601430052291,-0.07017681852772203,0.019071169360134078,-0.011938458962442222
2023-02-03,0.07825067620034862,-0.32555002540876044,0.012714112906756054,-0.00795897264162815
2023-02-06,0.05216711746689909,-0.11438835169228961,0.008476075271170704,-0.005305981761085434
2023-02-07,0.034778078311266065,-0.07625890112819309,0.005650716847447136,-0.0035373211740569563
2023-02-08,0.0314873340484709,-0.04651913269958254,0.0037671445649647578,-0.0023582141160379713
2023-02-09,0.023741836862909163,-0.11180935700470444,0.0025114297099765055,-0.0015721427440253143
2023-02-10,0.015827891241939444,-0.14322517745848656,0.0016742864733176705,-0.001048095162683543
2023-02-12,0.010551927494626297,-0.10899541482763928,0.0011161909822117804,-0.0006987301084556954
2023-02-13,0.031681061955042056,-0.048659200174526664,0.0007441273214745203,-0.07680999471566138
2023-02-14,0.018566671293144342,-0.028998341628522543,0.0004960848809830136,-0.05120666314377426
2023-02-15,0.01237778086209623,-0.14263115341041543,0.00033072325398867574,-0.034137775429182844
2023-02-16,0.035425862297378166,-0.10355479114303363,0.00022048216932578384,-0.022758516952788566
2023-02-17,0.023617241531585446,-0.0760077997581785,0.0001469881128838559,-0.015172344635192379
2023-02-18,0.015744827687723634,-0.050671866505452336,9.799207525590395e-05,-0.010114896423461587
2023-02-22,0.010496551791815757,-0.033781244336968226,6.532805017060264e-05,-0.0067432642823077255
2023-02-23,0.024578623887557983,-0.2049744569456614,4.355203344706843e-05,-0.004495509521538484
2023-02-24,0.016385749258371992,-0.1366496379637743,2.903468896471229e-05,-0.0029970063476923233
2023-02-25,0.010923832838914663,-0.09109975864251621,1.9356459309808197e-05,-0.0019980042317948826
2023-02-27,0.007282555225943109,-0.202803272760644,1.29043062065388e-05,-0.012836198451746973
2023-02-28,0.004855036817295407,-0.15340985854912761,8.602870804359202e-06,-0.008557465634497984
2023-03-01,0.06658641875273853,-0.11805694881710055,-0.15172647854798219,-0.005704977089665323
2023-03-02,0.05183639049852471,-0.07870463254473371,-0.019645786425227477,-0.003803318059776882
2023-03-03,0.09693139448976901,-0.050959373331214086,-0.013097190950151653,-0.0025355453731845884
2023-03-05,0.06462092965984602,-0.03397291555414273,-0.008731460633434437,-0.0016903635821230592
2023-03-06,0.04308061977323068,-0.02264861036942849,-0.005820973755622958,-0.0011269090547487064
2023-03-07,0.028720413182153792,-0.03627576360839241,-0.003880649170415306,-0.0007512727031658043
2023-03-08,0.019146942121435865,-0.02418384240559494,-0.0025870994469435376,-0.000500848468777203
2023-03-09,0.012764628080957244,-0.016122561603729962,-0.0017247329646290252,-0.000333898979184802
2023-03-10,0.019975599546189514,-0.09240119699633455,-0.0011498219764193502,-0.026400221697329
2023-03-13,0.06548573368056311,-0.10958319765989208,-0.0007665479842795668,-0.009194991364637032
2023-03-14,0.04365715578704208,-0.08179862457953709,-0.0005110319895197113,-0.006129994243091355
2023-03-15,0.029104770524694724,-0.054194088004978616,0.12333615843172542,-0.0040866628287275705
2023-03-16,0.019403180349796486,0.05936553852561307,0.08222410562115029,-0.0027244418858183806
2023-03-17,0.004809644234796018,-0.10574631230332326,0.0548160704141002,-0.0018162945905455872
2023-03-20,0.003206429489864012,-0.1576434195375964,0.03654404694273347,0.00468757471282423
2023-03-21,-0.0013821438892595629,-0.22609269422534606,0.024362697961822315,0.003125049808549487
2023-03-22,-0.0009214292595063753,-0.16249230621419683,0.016241798641214878,0.0020833665390329915
2023-03-23,-0.000577623107650221,-0.1867271510638286,0.01082786576080992,-0.15318302202492837
2023-03-24,-0.004594143535440723,-0.16387632847676603,0.007218577173873281,-0.10212201468328559
2023-03-25,-0.0030627623569604826,-0.10925088565117737,0.004812384782582188,-0.0680813431221904
2023-03-27,-0.0020418415713069887,-0.07283392376745158,0.0032082565217214586,-0.05241579409961314
2023-03-28,0.0233533440200648,-0.06953903918163257,0.0021388376811476394,-0.11128803737643303
2023-03-29,-0.215995343895875,-0.19251783736676822,-0.21018036177195892,-0.07419202491762203
2023-03-30,-0.06749562703710305,-0.20513667715510298,-0.14012024118130598,-0.049461349945081355
2023-03-31,-0.04499708469140203,-0.12687705823395365,-0.09341349412087066,-0.13059661544085416
2023-04-02,-0.029998056460934692,-0.08458470548930244,-0.062275662747247114,-0.08706441029390279
2023-04-03,-0.019998704307289797,-0.13767407045260055,-0.04151710849816475,-0.0580429401959352
2023-04-04,-0.0133324695381932,-0.09178271363506704,0.05263511848572311,-0.0386952934639568
2023-04-05,0.0075644340612217725,-0.24364210314439394,0.035090078990482075,-0.10214103695266213
2023-04-06,-0.14508821242400508,-0.1624280687629293,0.02339338599365472,-0.12616673690751373
2023-04-07,-0.09672547494933673,-0.10828537917528622,0.015595590662436482,-0.08411115793834249
2023-04-10,-0.044441662666305365,-0.14355824176731424,0.010397060441624322,-0.05607410529222834
2023-04-11,-0.009585787810951117,-0.11825387823424549,0.021290803106394873,-0.03738273686148556
2023-04-12,-0.006390525207300745,-0.07883591882283034,0.014193868737596583,-0.024921824574323712
2023-04-13,-0.002207332720610674,-0.07928002828952035,0.009462579158397722,-0.01661454971621581
2023-04-14,-0.0014715551470737829,-0.2775738501190898,0.09119886594842024,-0.01107636647747721
2023-04-15,-0.0009810367647158553,-0.18504923341272655,0.060799243965613495,-0.007384244318318141
2023-04-16,-0.0006540245098105703,-0.12336615560848438,0.040532829310409,-0.0049228295455454275
2023-04-17,-0.0004360163398737136,-0.08224410373898959,0.02702188620693934,-0.0032818863636969522
2023-04-18,-0.0002906775599158091,-0.05482940249265973,0.018014590804626227,-0.002187924242464635
2023-04-19,-0.00019378503994387276,0.07677413235027429,0.012009727203084153,-0.0014586161616430902
2023-04-20,0.024058220844558595,0.05118275490018286,0.008006484802056103,-0.0009724107744287269
2023-04-21,0.0160388138963724,0.03412183660012191,0.00533765653470407,-0.0006482738496191514
2023-04-24,0.0106925425975816,0.24602091502972248,0.0896424980607248,-0.00043218256641276763
2023-04-25,0.017629036178144916,-0.018439651748685004,0.05976166537381654,-0.0002881217109418451
2023-04-26,0.003101203256152143,-0.030460464024641754,0.027654190599768997,-0.00034988692119760907
2023-04-27,0.0020674688374347624,-0.13833918434984063,0.018436127066512667,-0.00023325794746507274
2023-04-28,0.02142029985820897,-0.27467975028757635,0.012290751377675112,-0.00015550529831004852
2023-04-29,0.014280199905472649,-0.18311983352505093,0.008193834251783409,-0.0001036701988733657
2023-05-01,0.0095201332703151,-0.12207988901670064,0.0054625561678556065,-6.911346591557714e-05
2023-05-02,0.0063467555135434004,-0.07922697980361042,0.003641704111903738,-4.60756439437181e-05
2023-05-03,0.004231170342362267,-0.06539067613851268,0.002427802741269159,-3.071709596247874e-05
2023-05-04,0.031614135885236226,-0.04359378409234179,0.0016185351608461061,-2.0478063974985827e-05
2023-05-05,0.02384020880460578,-0.21151615011591046,0.0010790234405640708,-1.3652042649990553e-05
2023-05-06,0.015893472536403854,-0.14101076674394034,0.0007193489603760473,-9.10136176666037e-06
2023-05-08,-0.12970776906179127,-0.1923832979595146,0.0004795659735840316,-6.067574511106914e-06
2023-05-09,-0.08647184604119419,-0.3268618641161575,0.0003197106490560211,-0.02654833285046295
2023-05-10,-0.07440445180542707,-0.21790790941077168,0.00021314043270401407,-0.017698888566975303
2023-05-11,-0.07813747959539255,-0.15618165713719326,0.00014209362180267606,-0.011799259044650203
2023-05-12,-0.05209165306359504,-0.10412110475812884,9.472908120178405e-05,-0.00786617269643347
2023-05-15,-0.007687534784788012,-0.07365188309295001,6.315272080118937e-05,-0.005244115130955647
2023-05-16,-0.10793365080026396,-0.11778686151731692,4.210181386745959e-05,-0.003496076753970432
2023-05-17,-0.07195576720017598,-0.07852457434487796,2.806787591163973e-05,-0.0023307178359802884
2023-05-18,-0.04797051146678399,-0.06028296033907239,1.8711917274426487e-05,-0.0015538118906535258
2023-05-19,-0.012139085978615755,-0.05836845673036778,1.2474611516284326e-05,-0.0010358745937690172
2023-05-20,-0.008092723985743839,-0.03891230448691186,8.316407677522886e-06,-0.0006905830625126782
2023-05-22,-0.005395149323829227,-0.025941536324607908,5.544271785015258e-06,-0.00046038870834178556
2023-05-23,-0.01072594863407361,-0.01729435754973861,3.696181190010172e-06,-0.0003069258055611904
2023-05-24,-0.034234788051794286,-0.01152957169982574,2.464120793340115e-06,-0.00020461720370746028
2023-05-25,-0.060668550287054854,-0.00768638113321716,1.6427471955600768e-06,-0.00013641146913830686
2023-05-26,-0.04044570019136991,-0.005124254088811441,1.0951647970400513e-06,-9.094097942553791e-05
2023-05-27,-0.026963800127579943,-0.003416169392540961,7.301098646933676e-07,-6.0627319617025284e-05
2023-05-29,-0.017975866751719964,-0.002277446261693974,0.2577314153000078,-4.041821307801686e-05
2023-05-30,-0.01198391116781331,-0.058481544237434825,0.17182094353333857,-2.6945475385344574e-05
2023-05-31,-0.007989274111875541,-0.03898769615828989,0.1145472956888924,-1.7963650256896384e-05
2023-06-01,-0.007752273081069952,-0.011627308188147004,0.07636486379259494,-1.1975766837930924e-05
2023-06-02,-0.005168182054046635,-0.007751538792098004,0.04231838145490267,-7.983844558620617e-06
2023-06-05,-0.003445454702697757,-0.005167692528065337,0.02821225430326845,-5.322563039080412e-06
2023-06-06,0.016419842331990557,-0.0034451283520435584,0.018808169535512304,-3.548375359386942e-06
2023-06-07,-0.08977859997790061,-0.13543062433639996,0.012538779690341537,-0.026859274779154993
2023-06-08,-0.05985239998526708,-0.09028708289093332,0.008359186460227692,-0.01790618318610333
2023-06-09,-0.039901599990178054,-0.08266105072383455,0.005572790973485129,-0.011990550778262766
2023-06-10,-0.026601066660118706,-0.05510736714922304,0.0037151939823234195,-0.007993700518841846
2023-06-12,-0.01773404444007914,-0.07963454035337048,0.0024767959882156135,-0.005329133679227898
2023-06-13,-0.011822696293386096,-0.22101112151669314,0.001651197325477076,-0.003552755786151932
2023-06-14,-0.006569096497358399,-0.1855814089015249,0.0011007982169847174,-0.0023685038574346217
2023-06-15,-0.0043793976649056,-0.13038575183253315,0.0007338654779898117,-0.0015790025716230813
2023-06-16,-0.011687672657728866,-0.15424454398221987,-0.29440714539531154,-0.026143700568226014
2023-06-17,-0.007791781771819245,-0.10282969598814659,-0.19627143026354105,-0.017429133712150678
2023-06-18,-0.005194521181212831,-0.06855313065876441,-0.13084762017569404,-0.01161942247476712
2023-06-19,-0.0034630141208085545,-0.04570208710584294,-0.08723174678379604,-0.021542655851619345
2023-06-20,-0.10122358991368037,-0.043966900786779006,-0.05815449785586403,-0.014361770567746231
2023-06-21,-0.06435642271348783,-0.1358095483521764,-0.03876966523724269,-0.009574513711830821
2023-06-22,-0.1649516819110112,-0.09053969890145094,-0.02584644349149513,-0.03147404132836451
2023-06-23,-0.11633336780406348,-0.06035979926763397,-0.017230962327663423,-0.020982694218909675
2023-06-26,-0.06780575125043467,-0.09748007168490636,-0.011487308218442283,-0.03018741580536361
2023-06-27,-0.022649183885090064,-0.03678573542249831,-0.007658205478961523,-0.02012494387024241
2023-06-28,-0.015099455923393377,-0.024523823614998875,-0.005105470319307683,-0.013416629246828274
2023-06-29,-0.014896515349914636,-0.07320745730140754,-0.0034036468795384557,-0.008944419497885518
2023-06-30,-0.004105423616283474,-0.07343121787732806,-0.002269097919692304,-0.024277546322768406
2023-07-03,0.044876161315763434,-0.07702825579925357,-0.0015127319464615361,-0.016185030881845607
2023-07-04,0.029917440877175627,-0.051352170532835716,-0.001008487964307691,-0.010790020587897072
2023-07-05,0.019944960584783754,-0.034234780355223815,-0.0006723253095384607,-0.007193347058598049
2023-07-06,0.013296640389855837,-0.03912477661101606,-0.00044821687302564053,-0.004795564705732033
2023-07-07,0.00886442692657056,-0.03142081014930266,-0.0002988112486837604,-0.003197043137154689
2023-07-09,0.00590961795104704,-0.02888789897242558,-0.00019920749912250693,-0.00213136209143646
2023-07-10,0.003939745300698028,-0.24059005785372106,-0.00013280499941500465,-0.00142090806095764
2023-07-11,0.002626496867132019,-0.16039337190248074,-8.853666627666978e-05,-0.0009472720406384267
2023-07-12,0.00732053580601469,-0.11579511792962752,-5.9024444184446524e-05,0.07169147729331049
2023-07-13,0.24411566522531677,-0.07719674528641836,-3.9349629456297685e-05,0.04779431819554033
2023-07-14,0.14085473470762686,-0.06470550478169214,-2.623308630419846e-05,0.03186287879702689
2023-07-17,0.08602455492069534,-0.043137003187794766,-1.7488724202798976e-05,0.02124191919801793
2023-07-18,0.0773916905803827,-0.03373998185294157,0.03009259801691712,0.014161279465345289
2023-07-19,0.05725539662330333,-0.02249332123529438,0.02006173201127808,0.00944085297689686
2023-07-20,0.03817026441553556,-0.0024721703829468904,0.013374488007518722,-0.012501046871437958
2023-07-21,0.025446842943690377,-0.0016481135886312606,0.008916325338345816,-0.008334031247625306
2023-07-24,0.016964561962460253,-0.009342991120378247,0.005944216892230544,-0.005556020831750204
2023-07-25,0.02359803747692027,-0.006228660746918832,0.00396281126148703,-0.00370401388783347
2023-07-26,-0.013508287691021501,-0.004152440497945889,0.002641874174324687,-0.0024693425918889803
2023-07-27,-0.008165879463450473,0.022797508143934178,0.30309484203328557,-0.0016462283945926537
2023-07-28,0.02371513700134465,-0.009210784747499513,0.2020632280221904,-0.0010974855963951026
2023-07-31,0.01581009133422977,-0.010709738244148287,0.13470881868146029,-0.0007316570642634018
2023-08-01,0.030582048189405645,-0.007139825496098859,0.08980587912097353,-0.00048777137617560126
2023-08-02,0.020388032126270432,-0.07977788476349344,0.2366558390689875,-0.00032518091745040086
2023-08-03,0.013592021417513624,-0.15673764950335972,0.15777055937932502,-0.00021678727830026727
2023-08-04,0.029103334911594878,-0.10449176633557317,0.10518037291955003,-0.0001445248522001782
2023-08-07,0.018459772015896173,-0.06966117755704879,0.07012024861303336,-9.634990146678548e-05
2023-08-08,0.05563175819502058,-0.06853205287545097,0.04674683240868891,-6.423326764452366e-05
2023-08-09,0.05712982609659952,-0.1337173714345639,0.031164554939125944,-4.2822178429682444e-05
2023-08-10,0.03808655073106635,-0.08914491428970926,0.0207763699594173,-2.8548118953121633e-05
2023-08-11,0.0452766334339006,-0.059429942859806184,0.0138509133062782,-1.903207930208109e-05
2023-08-13,0.03018442228926707,-0.03961996190653746,0.009233942204185467,-1.268805286805406e-05
2023-08-14,0.03841357221532854,-0.12115761772067352,0.006155961469456979,-0.014370019046608081
2023-08-15,0.025609048143552363,-0.11878014197131663,0.00410397431297132,0.08868160690986879
2023-08-16,0.04451478152508645,-0.0791867613142111,0.0027359828753142136,0.05912107127324587
2023-08-17,0.038270213150548335,-0.05279117420947407,0.0018239885835428093,0.03941404751549725
2023-08-18,0.009778989151827098,-0.03519411613964939,0.0012159923890285396,0.02627603167699817
2023-08-21,0.006519326101218066,-0.023462744093099595,0.0008106615926856931,0.017517354451332116
2023-08-22,-0.007548145267384315,-0.015641829395399733,0.0005404410617904622,0.011678236300888078
2023-08-23,-0.005032096844922877,-0.11598788724946064,0.06884422039703242,0.00778549086725872
2023-08-24,-0.0013017138123587618,-0.0773252581663071,0.04589614693135495,0.005190327244839147
2023-08-25,-0.04807458852927392,-0.03906815855749044,0.03059743128756997,0.0034602181632260986
2023-08-28,-0.0042068364567260375,0.07204874863857963,0.02039828752504665,0.002306812108817399
2023-08-29,-0.0028045576378173584,0.008954539137647807,0.09999139510940763,0.0015378747392115995
2023-08-30,-0.0018697050918782391,-0.09336425662864165,0.08607350474166375,0.0010252498261410666
2023-08-31,-0.05643551334471469,-0.05048329830718648,0.05738233649444251,0.0006834998840940445
2023-09-01,0.028747103464398342,-0.14801702946790463,0.06356819387086013,0.0004556665893960297
2023-09-02,0.01916473564293223,-0.09867801964526976,0.04237879591390676,0.0003037777262640198
2023-09-04,0.0048978888775655805,-0.06578534643017984,0.028252530609271177,0.00020251848417601322
2023-09-05,0.025107974271691452,-0.0438568976201199,0.018835020406180788,0.008042663687587322
2023-09-06,0.017798231350525627,-0.029237931746746604,0.012556680270787194,-0.008434598410049714
2023-09-07,0.023331335059235105,-0.01949195449783107,0.008371120180524797,-0.00562306560669981
2023-09-08,0.015554223372823405,-0.01299463633188738,0.005580746787016532,-0.025133640021712533
2023-09-11,0.010369482248548938,-0.008663090887924921,0.0037204978580110217,-0.016755760014475023
2023-09-12,0.006912988165699293,-0.005775393925283282,0.0024803319053406814,-0.011170506676316683
2023-09-13,0.013053397661899759,-0.014432771757029115,0.0016535546035604544,-0.00744700445087779
2023-09-14,0.0009938397847647374,-0.19207544293985276,0.0011023697357069697,-0.004964669633918528
2023-09-15,0.000662559856509825,-0.1280502952932352,-0.267038803242929,-0.0033097797559456855
2023-09-17,0.0004417065710065501,-0.08536686352882347,-0.17802586882861934,-0.002206519837297124
2023-09-18,0.0002944710473377001,-0.08363399142684912,-0.11868391255241291,-0.0034907389648206515
2023-09-19,0.136931634122806,-0.05575599428456608,-0.07912260836827528,-0.0023271593098804348
2023-09-20,0.0881946078106279,-0.03717066285637739,-0.052748405578850195,-0.008069430963527163
2023-09-21,0.08910457731382813,-0.07633452324488244,-0.03516560371923347,-0.005379620642351443
2023-09-22,0.0594030515425521,-0.050889682163254964,-0.023443735812822313,-0.018370875269762235
2023-09-24,0.039602034361701406,-0.033926454775503316,-0.01562915720854821,-0.012247250179841492
2023-09-25,0.026401356241134273,-0.03458858867020809,-0.010419438139032141,-0.008164833453227662
2023-09-26,0.017600904160756183,-0.02305905911347206,-0.006946292092688095,-0.019535650290998872
2023-09-27,0.02034623937740479,-0.2237731294037298,-0.004630861395125397,-0.013023766860665916
2023-09-28,0.031047706914839178,-0.14918208626915322,-0.003087240930083598,-0.008682511240443945
2023-09-29,0.05727042099694214,-0.09945472417943549,-0.0020581606200557323,-0.005788340826962631
2023-09-30,0.0381802806646281,-0.066303149452957,-0.001372107080037155,-0.0038588938846417543
2023-10-01,0.025453520443085402,-0.04420209963530467,-0.0009147380533581035,-0.002572595923094503
2023-10-02,0.01047885012364624,-0.2081227448998899,-0.28122937462348174,-0.001715063948729669
2023-10-03,-0.05643390824075381,-0.13874849659992664,-0.18748624974898784,-0.0011433759658197795
2023-10-04,-0.03762260549383588,-0.09249899773328443,-0.12499083316599191,-0.0007622506438798531
2023-10-05,-0.022725287232910445,-0.06392733662346298,-0.08332722211066128,-0.0005081670959199021
2023-10-06,-0.004171790781362091,0.029619855787891183,-0.05555148140710753,-0.00033877806394660146
2023-10-07,-0.0027811938542413946,0.01974657052526079,0.04142292031896006,-0.00022585204263106767
2023-10-08,-0.00185412923616093,0.013164380350173862,0.027615280212640043,-0.0001505680284207118
2023-10-09,0.01428615295143974,-0.12926389167145796,0.0184101868084267,-0.00010037868561380787
2023-10-10,0.013060548608515344,-0.08617592778097198,0.012273457872284467,-6.691912374253858e-05
2023-10-11,0.019091932280205143,-0.05745061852064799,0.008182305248189645,0.00791680448875589
2023-10-13,0.012727954853470096,-0.03830041234709867,0.005454870165459764,0.005277869659170593
2023-10-16,0.043611205779112025,-0.025533608231399114,-0.07924563795257114,-0.015442228941450458
2023-10-17,0.029074137186074687,-0.017022405487599413,-0.0528304253017141,-0.010294819294300307
2023-10-18,0.019382758124049795,-0.011348270325066277,-0.03522028353447607,-0.006863212862866872
2023-10-19,-0.1327549758911952,-0.007565513550044185,-0.02348018902298405,-0.004575475241911249
2023-10-20,0.11797632527941963,-0.005043675700029457,-0.015653459348656036,-0.0030503168279408326
2023-10-23,0.0786508835196131,-0.0033624504666863054,-0.010435639565770692,-0.0020335445519605554
2023-10-24,0.052433922346408736,-0.002241633644457537,-0.006957093043847129,-0.0013556963679737038
2023-10-25,-0.11204390015471272,-0.0014944224296383581,-0.00463806202923142,-0.000903797578649136
2023-10-26,-0.058189968094350855,0.018173048977164923,-0.003092041352820947,-0.0006025317190994241
2023-10-27,-0.041169173071862575,-0.08037522760754923,-0.0020613609018806317,-0.012267190656987125
2023-10-30,0.21190113016295345,-0.053583485071699494,-0.26319458858091854,-0.008178127104658085
2023-10-31,0.03878205642652456,-0.035722323381133,-0.1754630590539457,-0.04170040855448656
2023-11-01,0.03359236692754391,-0.10276441317348156,-0.11697537270263049,-0.02780027236965771
2023-11-02,0.022394911285029274,-0.06850960878232105,-0.07798358180175367,-0.018533514913105145
2023-11-03,0.11279081608572696,-0.04567307252154738,-0.051989054534502456,-0.012355676608736764
2023-11-04,0.07519387739048465,-0.03044871501436492,-0.03465936968966831,-0.008237117739157843
2023-11-06,-0.12095796623398153,-0.15018939462675424,-0.023106246459778875,-0.2920369101227237
2023-11-07,-0.1243063198763085,-0.10012626308450283,-0.015404164306519252,-0.21739742442375512
2023-11-08,-0.17411789275626027,-0.13251235606438044,-0.010269442871012837,-0.16559222280585828
2023-11-09,-0.10301675135837453,-0.134213214679997,-0.006846295247341892,-0.11039481520390554
2023-11-10,-0.06867783423891637,-0.09621603658758325,-0.004564196831561262,-0.07359654346927037
2023-11-13,-0.021023506301184325,-0.35907473081325636,-0.0030427978877075085,-0.3439950687343811
2023-11-14,-0.004739293209406954,-0.37516943391147684,-0.0020285319251383393,-0.22933004582292077
2023-11-16,0.04935052908017024,-0.2501129559409846,-0.001352354616758893,-0.15288669721528053
2023-11-17,0.052942340020032626,-0.16674197062732307,-0.0009015697445059288,-0.1282456549091085
2023-11-18,0.03529489334668842,-0.11116131375154872,-0.0006010464963372859,-0.085497103272739
2023-11-20,0.023529928897792284,-0.07410754250103249,-0.0004006976642248573,-0.05699806884849268
2023-11-21,0.030540507766918464,-0.04940502833402167,-0.0002671317761499049,-0.03799871256566179
2023-11-22,0.02036033851127898,-0.03293668555601445,-0.0001780878507666033,-0.02533247504377453
2023-11-23,0.09071224121399107,-0.04744732927868106,-0.00011872523384440222,-0.016888316695849687
2023-11-24,0.07618642102113951,0.0038389253842212173,-7.915015589626816e-05,-0.04268766192923691
2023-11-25,0.05079094734742635,0.0025592835894808117,-5.2766770597512114e-05,-0.028458441286157946
2023-11-26,0.0338606315649509,0.0017061890596538746,-0.003129734278040604,-0.018972294190771965
2023-11-27,-0.005960757348473889,-0.24620640864409407,-0.005181045949669332,-0.012648196127181311
2023-11-28,0.0160681490676032,-0.17082093053683575,-0.010137355407219231,-0.008432130751454209
2023-11-29,0.030754086678321264,-0.11388062035789051,-0.006758236938146155,-0.02219906912078021
2023-11-30,0.03459607217384385,-0.07592041357192701,0.05144394086239907,-0.059599203969568394
2023-12-01,0.0230640481158959,-0.11891141244989836,0.03429596057493272,-0.039732802646378934
2023-12-04,0.015376032077263936,-0.07927427496659892,0.022863973716621817,-0.02648853509758596
2023-12-05,0.010250688051509292,-0.05284951664439928,0.015242649144414547,-0.017659023398390643
2023-12-06,0.0068337920343395295,-0.044450765102651994,0.010161766096276366,-0.011772682265593764
2023-12-07,0.024597848656145484,-0.0517866956687949,0.006774510730850912,-0.007848454843729176
2023-12-08,0.007604436048115462,-0.03452446377919661,0.004516340487233942,-0.005232303229152785
2023-12-10,0.030776608134802957,-0.023016309186131075,0.0030108936581559618,-0.0034882021527685237
2023-12-11,0.009808661636708037,-0.027704438695848196,0.0020072624387706415,-0.016775776037321985
2023-12-12,0.006539107757805359,-0.018469625797232134,0.0013381749591804277,-0.011236946012408535
2023-12-13,0.00435940517187024,-0.012313083864821424,0.0008921166394536186,-0.03933446538172231
2023-12-14,0.029941250669955576,-0.0433323241323719,0.0005947444263024124,-0.026222976921148212
2023-12-15,0.03420801777839619,-0.028888216088247935,0.00039649628420160835,-0.01748198461409881
2023-12-17,0.022805345185597462,-0.019258810725498624,0.0002643308561344056,-0.011654656409399207
2023-12-18,-0.06482431669003452,-0.012839207150332417,0.00017622057075627044,-0.007769770939599472
2023-12-19,0.05715156385324605,-0.1104071498564828,0.21250131688830143,-0.024507121506300897
2023-12-20,0.038101042568830706,-0.19336800099425505,0.14166754459220096,-0.02844915539885053
2023-12-21,-0.11483403857539225,-0.12891200066283673,0.09444502972813398,0.019606584056453644
2023-12-22,-0.07655602571692817,-0.36683288137565273,0.06296335315208933,-0.009469610125331918
2023-12-23,-0.05103735047795212,-0.24455525425043517,0.04197556876805956,-0.006313073416887946
2023-12-25,-0.03402490031863475,-0.1630368361669568,0.02798371251203971,0.254549604551435
2023-12-26,-0.03866906124449587,-0.10869122411130455,0.018655808341359808,0.16969973636762334
2023-12-27,-0.005737386863078123,-0.07246081607420304,0.01243720556090654,0.0905924914154479
2023-12-28,-0.003824924575385416,-0.10430046221864925,0.008291470373937694,0.0580505523663805
2023-12-29,0.030433306166134298,-0.0695336414790995,0.03342046000246817,-0.026255261164105856
2023-12-30,0.020288870777422866,-0.3462426128680075,0.022280306668312117,-0.01750350744273724
2023-12-31,0.013525913851615246,-0.2308284085786717,0.014853537778874746,-0.011669004961824828
2024-01-02,0.009017275901076831,-0.1538856057191145,0.009902358519249832,-0.30486599335569564
2024-01-03,0.008458362441220309,-0.10259040381274301,0.0066015723461665555,-0.20324399557046377
2024-01-04,0.008824664798682548,-0.24126947380278957,0.0044010482307777045,-0.13549599704697587
2024-01-05,0.025925097165707494,-0.1608463158685264,0.0029340321538518033,-0.07792048840095507
2024-01-08,0.021721271871330834,-0.28968450463336687,0.0019560214359012023,-0.051946992267303385
2024-01-09,0.014480847914220558,-0.19312300308891125,0.0013040142906008017,-0.03463132817820226
2024-01-10,0.009653898609480373,-0.12874866872594085,0.0008693428604005346,-0.02308755211880151
2024-01-11,0.008488949823910073,-0.07666074136605082,0.0005795619069336899,-0.015391701412534342
2024-01-12,0.005659299882606716,-0.013700972164407167,0.00038637460462245994,-0.010261134275022897
2024-01-14,0.0037728665884044776,-0.009133981442938113,0.00025758306974830666,-0.006840756183348598
2024-01-15,0.002515244392269652,-0.29198266186746613,0.00017172204649887113,-0.0045605041222323995
2024-01-16,-0.0036925157522401534,-0.3138785535655595,0.00011448136433258076,-0.0030403360814882665
2024-01-17,0.017177049940477387,-0.26524562054622025,7.632090955505385e-05,-0.002026890720992178
2024-01-18,0.011451366626984925,-0.4713659202141752,5.08806063700359e-05,-0.1677235869937929
2024-01-19,0.007634244417989951,-0.4197104251274262,3.3920404246690606e-05,-0.1118157246625286
2024-01-20,0.005089496278659968,-0.2798069500849508,2.2613602831127073e-05,-0.07454381644168574
2024-01-21,0.0033929975191066457,-0.18653796672330056,1.5075735220751383e-05,-0.0496958776277905
2024-01-22,0.03727987243793473,-0.12435864448220038,1.005049014716759e-05,-0.03313058508519367
2024-01-23,0.024853248291956488,-0.0829057629881336,6.700326764778394e-06,-0.022087056723462447
2024-01-24,0.016568832194637662,-0.12395611478077265,4.466884509852263e-06,-0.014724704482308299
2024-01-25,0.011045888129758442,-0.08263740985384845,2.977923006568176e-06,-0.2893302558913173
2024-01-26,0.0073639254198389625,-0.0550916065692323,1.985282004378784e-06,-0.1928868372608782
2024-01-28,0.004909283613225976,-0.03672773771282154,1.3235213362525228e-06,-0.1285912248405855
2024-01-29,0.04653748071528882,-0.024485158475214364,8.82347557501682e-07,-0.085727483227057
2024-01-30,0.023316561820357448,0.08632155959674112,5.882317050011214e-07,-0.057151655484704675
2024-01-31,0.02045441643545986,0.0015544548953135354,3.9215447000074766e-07,-0.038101103656469786
2024-02-01,0.2517835848109587,0.005994023900863829,2.614363133338318e-07,-0.02540073577097986
2024-02-02,0.17648089031886155,0.00399601593390922,1.7429087555588788e-07,-0.01693382384731991
2024-02-04,0.11765392687924105,0.0026640106226061473,1.161939170372586e-07,-0.011289215898213275
2024-02-05,0.015839277175614563,-0.14706869384579827,7.746261135817241e-08,-0.02362924272199305
2024-02-06,0.010559518117076377,-0.09337100857451869,5.164174090544828e-08,-0.015752828481328703
2024-02-07,0.007039678744717585,-0.062247339049679135,3.442782727029886e-08,-0.010501885654219136
2024-02-08,0.004693119163145057,-0.03521187316027092,2.295188484686591e-08,-0.007001257102812759
2024-02-09,0.04956472002620792,-0.10175205948052676,1.5301256564577276e-08,-0.004667504735208506
2024-02-15,0.033043146684138616,-0.06783470632035118,1.0200837709718185e-08,-0.0031116698234723377
2024-02-16,0.022028764456092413,-0.05647054395012446,6.800558473145458e-09,-0.0020744465489815588
2024-02-18,0.014685842970728277,-0.313075832316825,4.5337056487636395e-09,-0.001382964365987706
2024-02-19,0.00994330086954395,-0.21405484728650864,3.0224704325090934e-09,-0.0009219762439918041
2024-02-20,0.0066288672463626335,-0.1427032315243391,2.014980288339396e-09,-0.0006146508293278695
2024-02-21,-0.04047947376459634,-0.19962227413284167,1.343320192226264e-09,-0.00040976721955191306
2024-02-22,0.006804017663897429,-0.10751571427932971,8.955467948175094e-10,-0.0002731781463679421
2024-02-23,0.00453601177593162,-0.20807247091019546,5.970311965450064e-10,-0.00018211876424529473
2024-02-24,0.00302400785062108,-0.138714980606797,3.98020797696671e-10,-0.00012141250949686317
2024-02-26,-0.005862596317308521,-0.10355128366057254,2.6534719846444735e-10,-8.094167299790878e-05
2024-02-27,-0.003908397544872348,-0.06491463395161216,1.7689813230963158e-10,-5.39611153319392e-05
2024-02-28,0.14184860766632584,-0.3388929972198459,1.1793208820642108e-10,-3.597407688795947e-05
2024-02-29,0.14730823954412162,-0.2550871502456965,7.862139213761406e-11,-2.3982717925306316e-05
2024-03-01,0.09820549302941442,-0.30809824540203823,5.2414261425076046e-11,-1.598847861687088e-05
2024-03-04,-0.19603843290841655,-0.3378056865118345,3.49428409500507e-11,-0.07635483362910217
2024-03-05,-0.11065030130569192,-0.2375341144656076,2.3295227300033802e-11,-0.05090322241940145
2024-03-06,-0.06271935896955631,-0.34080970369808766,1.553015153335587e-11,-0.033935481612934304
2024-03-07,-0.04181290597970421,-0.24299017891640728,1.0353434355570582e-11,-0.02262365440862287
2024-03-08,0.004892340592178135,-0.17374983549353326,6.902289570380389e-12,-0.01508243627241525
2024-03-10,0.0032615603947854237,-0.11583322366235552,4.601526380253593e-12,-0.0100549575149435
2024-03-11,0.002174373596523616,-0.20250332118840944,3.067684253502396e-12,-0.0067033050099623345
2024-03-12,-0.01661682881937132,-0.1350022141256063,2.0451228356682644e-12,-0.12168495291733822
2024-03-13,0.008824034230406378,-0.051810970512902024,0.05771398047742492,-0.08112330194489216
2024-03-14,-0.0019959120641183225,-0.0055711232012346686,0.03847598698494995,-0.05408220129659478
2024-03-15,-0.0013306080427455485,-0.23675322221456865,0.025650657989966637,-0.036054800864396525
2024-03-16,-0.0008870720284970325,-0.45831618250567985,0.01710043865997776,-0.024036533909597684
2024-03-17,-0.000591381352331355,-0.30554412167045325,0.011400292439985174,-0.016024355939731793
2024-03-18,0.005687457265995532,-0.20369608111363552,0.007600194959990117,-0.04252607199993782
2024-03-19,0.003791638177330355,-0.42923862529087004,-0.1358778928722594,-0.028350714666625216
2024-03-20,0.011276061641967998,-0.4987758835473851,-0.09058526191483961,-0.018900476444416812
2024-03-21,0.007517374427978667,-0.3325172556982568,-0.06039017460989308,-0.012600317629611208
2024-03-22,0.025053570251904907,-0.2134229023288443,-0.04026011640659539,-0.014918203176681013
2024-03-24,0.01670238016793661,-0.16220591989032127,-0.02684007760439693,-0.00994546878445401
2024-03-25,0.021013130524916997,-0.2073775705487973,-0.017893385069597954,-0.006630312522969341
2024-03-26,0.022957920881883004,-0.17561863788574583,0.18199074521526415,-0.029511240535790188
2024-03-27,0.01835801318471677,-0.14178933238724634,0.27279470719307475,-0.019674160357193462
2024-03-28,0.007430989644163497,-0.09452622159149757,0.18186313812871652,-0.02923539208099333
2024-03-29,0.004953993096108999,-0.06301748106099839,0.12124209208581102,-0.01949026138732889
2024-04-01,0.036345939824419395,-0.22446528142834818,0.08082806139054069,0.2590285671177833
2024-04-02,0.04194020711013819,-0.25576685661173604,0.05388537426036047,0.17268571141185557
2024-04-03,0.027960138073425463,-0.18660146192773674,0.03592358284024032,0.24308969313285214
2024-04-04,0.035875628591154,-0.12440097461849117,0.02394905522682688,0.16205979542190144
2024-04-05,0.04028611643484829,-0.08293398307899412,0.01596603681788459,0.10803986361460097
2024-04-08,-0.08437998459821543,-0.05528932205266275,0.010644024545256394,0.07202657574306733
2024-04-09,-0.05625332306547696,-0.036859548035108505,0.007096016363504263,0.048017717162044886
2024-04-10,-0.05177910980730411,-0.02457303202340567,0.004730677575669509,0.03201181144136326
2024-04-11,-0.032643052320673445,-0.0149072037550447,0.0028612454538887227,0.02134120762757551
2024-04-12,-0.019968411909867912,-0.009938135836696468,0.0019074969692591487,0.014227471751717008
2024-04-15,0.03943022649332577,-0.00662542389113098,0.001271664646172766,0.00948498116781134
2024-04-16,0.02628681766221718,-0.004416949260753987,0.0008477764307818441,0.0063233207785408935
2024-04-17,0.01752454510814479,-0.0029446328405026583,0.0005651842871878961,0.00421554718569393
2024-04-18,0.01405685955608243,-0.001963088560335106,0.00037678952479193076,0.0028103647904626204
2024-04-19,0.0018561904749893783,-0.10277980956649267,0.0002511930165279539,0.0018735765269750804
2024-04-20,0.0012374603166595856,-0.06851987304432845,0.00016746201101863596,0.001249051017983387
2024-04-22,0.0008249735444397239,-0.11632527594942951,0.00011164134067909065,-0.02067890122637243
2024-04-23,0.000549982362959816,-0.05903733644339181,7.442756045272711e-05,-0.013785934150914956
2024-04-24,0.00036665490863987737,-0.039358224295594546,4.9618373635151415e-05,-0.009190622767276639
2024-04-25,0.0022974540233497414,-0.026238816197063034,3.3078915756767614e-05,-0.006127081844851093
2024-04-26,0.010169185992074316,-0.016886583444373812,2.2052610504511746e-05,-0.004084721229900729
2024-04-28,0.006779457328049545,-0.011257722296249209,1.4701740336341165e-05,-0.0027231474866004864
2024-04-29,0.0045196382186996975,-0.013326527719982027,9.801160224227445e-06,-0.0018154316577336578
2024-04-30,0.02666954732485533,-0.008884351813321352,6.534106816151631e-06,-0.0012102877718224386
2024-05-02,0.01777969821657022,-0.023792520240628084,4.356071210767754e-06,-0.0008068585145482925
2024-05-03,0.017257666583626007,-0.015861680160418726,2.9040474738451697e-06,-0.0005379056763655283
2024-05-05,0.011505111055750672,-0.016453274455637122,1.9360316492301136e-06,-0.0003586037842436856
2024-05-06,0.015542918772948467,-0.05779089836078908,1.2906877661534092e-06,-0.00023906918949579044
2024-05-07,0.030403933148551443,-0.03852726557385939,8.604585107689396e-07,-0.0001593794596638603
2024-05-08,-0.12385941350478696,-0.006662376480182131,5.736390071792931e-07,-0.00010625297310924021
2024-05-09,-0.05860613818975799,-0.02038936954861225,3.824260047861954e-07,-0.007015612138529456
2024-05-10,-0.04454387582681254,-0.004145333449875922,0.06573750490123773,-0.004677074759019638
2024-05-11,-0.02969591721787503,-0.002763555633250615,0.04382500326749182,-0.0031180498393464256
2024-05-12,-0.019797278145250022,-0.09894928663122901,0.02921666884499455,-0.002078699892897617
2024-05-13,-0.013198185430166683,-0.08174990087183481,0.01947777922999637,-0.0013857999285984115
2024-05-14,-0.05942599704940952,-0.04853915899615928,-0.11018036541970719,-0.0009238666190656078
2024-05-15,-0.03198699557834094,-0.222872418733911,-0.07345357694647146,-0.0006159110793770719
2024-05-16,-0.024554003636394775,-0.148581612489274,-0.04896905129764765,-0.0004106073862513813
2024-05-17,-0.01636933575759652,-0.09905440832618269,-0.03264603419843177,-0.0002737382575009209
2024-05-18,-0.010912890505064348,0.0060486165984246915,-0.021764022798954515,-0.00018249217166728062
2024-05-20,-0.013575215486201194,-0.11595700146067316,-0.014509348532636345,-0.027797071559523386
2024-05-21,0.002885234456914961,-0.07730466764044878,-0.009672899021757565,-0.01853138103968226
2024-05-22,-0.11302322527490834,-0.23399004019546588,-0.006448599347838377,-0.012354254026454842
2024-05-23,-0.06388296935772088,-0.1904640499237384,-0.004299066231892252,-0.008236169350969895
2024-05-24,-0.037240028406614646,-0.11755433618911144,-0.0028660441545948346,-0.005490779567313264
2024-05-27,0.016422150018854546,-0.07836955745940764,-0.0019106961030632232,-0.003660519711542177
2024-05-28,0.0023289132337064294,-0.23102568311774307,0.017068739782514174,-0.0024403464743614515
2024-05-29,0.06570016316044931,-0.1540171220784954,0.01137915985500945,-0.008144889073181174
2024-05-30,0.04380010877363288,-0.10267808138566362,0.007586106570006301,-0.00542992604878745
2024-05-31,0.217782804547498,-0.2516525601296766,0.006303350072066579,-0.0036199506991916337
2024-06-03,0.14518853636499868,-0.1677683734197844,0.00420223338137772,-0.02932841608085986
2024-06-04,0.11550916971045486,-0.11184558227985628,0.0028014889209184803,-0.014062659801104046
2024-06-05,-0.006700478758893055,-0.07456372151990419,0.0018676592806123205,-0.012001585206096952
2024-06-06,0.0038556939088757536,-0.04970914767993613,0.0012451061870748805,-0.017264729980432714
2024-06-07,0.022612449905836298,-0.03313943178662409,0.0008300707913832538,-0.011509819986955144
2024-06-10,0.01153106814064166,-0.01670507958338492,0.0005533805275888359,-0.0076732133246367636
2024-06-11,0.004143480297178568,-0.011136719722256615,0.00036892035172589067,-0.041369874074519045
2024-06-12,-0.006793231335778671,-0.0074244798148377445,0.0002459469011505938,-0.027579916049679368
2024-06-13,0.06808981758521686,-0.0049496532098918305,0.00016396460076706254,-0.018386610699786247
2024-06-14,0.061011223078878,-0.01760556403904949,0.00010930973384470837,-0.012257740466524166
2024-06-17,0.04198924821688817,-0.011737042692699661,0.05468463800412874,-0.028565299142552087
2024-06-18,-0.26648264131894317,-0.007824695128466442,0.03645642533608583,-0.3135190062252367
2024-06-19,-0.1528459899256667,-0.005216463418977629,0.024304283557390557,-0.2090126708168245
2024-06-20,-0.04489705588288046,-0.007631668787649718,0.01620285570492704,-0.13934178054454968
2024-06-21,0.05424786627546325,-0.005087779191766479,0.010801903803284694,-0.10767898187122774
2024-06-23,0.03616524418364217,-0.0033918527945109864,0.007201269202189797,-0.07178598791415183
2024-06-24,0.04415215008901391,-0.036299801249254325,0.004800846134793198,-0.07294835746324518
2024-06-25,-0.26504070673752606,-0.07743764966987807,0.0032005640898621324,-0.18978126123571698
2024-06-26,-0.1791979868502669,-0.051625099779918714,0.0021337093932414218,-0.1489731008809428
2024-06-27,-0.20718525676536909,-0.04872322380658979,0.0014224729288276146,-0.08713797297753365
2024-06-28,-0.14600210606130198,-0.0324821492043932,0.0009483152858850765,-0.05809198198502244
2024-06-30,-0.09733473737420133,-0.021654766136262136,0.000632210190590051,-0.038727987990014964
2024-07-01,0.0627833626874189,-0.07707244825618355,0.0004214734603933674,-0.026294656386132518
2024-07-02,0.04813240615579158,-0.07157891192208984,0.00028098230692891164,-0.017529770924088348
2024-07-03,0.024209669219471812,-0.07479004527576275,0.00018732153795260778,-0.011686513949392232
2024-07-04,0.036181766779567005,-0.08759900656307743,0.00012488102530173854,-0.007791009299594823
2024-07-05,-0.19312789771865127,-0.05839933770871829,8.32540168678257e-05,-0.005194006199729882
2024-07-06,-0.1287519318124342,-0.0389328918058122,5.5502677911883806e-05,-0.003462670799819922
2024-07-07,-0.08583462120828947,-0.025955261203874803,3.700178527458921e-05,-0.002308447199879948
2024-07-08,-0.06205329220651204,-0.049687654715928536,2.4667856849726144e-05,-0.0015389647999199654
2024-07-09,-0.04939986961522774,-0.03312510314395236,1.6445237899817433e-05,-0.001025976533279977
2024-07-10,-0.032933246410151835,-0.022083402095968242,1.0963491933211622e-05,-0.0006839843555199848
2024-07-11,-0.0019135103068487654,-0.08720327320611126,7.308994622141083e-06,-0.016989548137711665
2024-07-12,-0.01613947503710699,-0.06554501687762239,4.872663081427389e-06,-0.011326365425141111
2024-07-15,-0.010759650024737995,-0.04369667791841493,0.020479865361094966,0.006769850681919882
2024-07-16,-0.007173100016491998,-0.14516839052914293,0.013653243574063313,0.004513233787946588
2024-07-17,-0.2220311422493573,-0.15851103541373354,0.009102162382708877,-0.03427065171325691
2024-07-18,-0.1097487010456798,-0.145065584710036,0.006068108255139252,-0.022847101142171276
2024-07-19,-0.06540287561864838,-0.09671038980669068,0.003908580557817393,-0.015231400761447519
2024-07-20,-0.043601917079098926,-0.06447359320446046,0.0026057203718782623,-0.010154267174298346
2024-07-21,-0.02906794471939929,-0.04298239546964031,0.0017371469145855084,-0.0067695114495322315
2024-07-22,-0.02404734739595339,-0.028654930313093546,0.0011580979430570058,-0.004513007633021488
2024-07-23,-0.043831739153687724,-0.13914460511317722,0.0007720652953713373,-0.017101099744194756
2024-07-24,-0.02922115943579182,-0.0927630700754515,0.0005147101969142249,-0.011400733162796505
2024-07-25,-0.01948077295719455,-0.0341542164873674,0.00034314013127614997,-0.007600488775197671
2024-07-26,-0.012987181971463034,-0.022769477658244934,0.00022876008751743335,-0.005066992516798448
2024-07-29,0.0329127029462043,-0.025450157915733237,0.00015250672501162225,-0.0033779950111989658
2024-07-30,0.021941801964136202,-0.01696677194382216,0.00010167115000774818,-0.0022519966741326443
2024-07-31,0.04716320364600568,-0.011311181295881443,6.778076667183213e-05,0.016202651574881672
2024-08-01,0.031442135764003794,-0.04632976181571336,4.5187177781221425e-05,-0.005775878419696092
2024-08-02,0.032427271334887216,-0.030886507877142245,3.0124785187480953e-05,-0.0038505856131307286
2024-08-03,0.019210436363061714,-0.020591005251428166,2.0083190124987305e-05,-0.002567057075420486
2024-08-05,0.012806957575374476,-0.013727336834285446,1.3388793416658204e-05,-0.0017113713836136575
2024-08-06,0.06517737916787043,-0.017641179071806394,8.925862277772137e-06,-0.026712600781882014
2024-08-07,0.035572984560857716,0.007092468568389599,5.950574851848092e-06,-0.017808400521254677
2024-08-08,0.02464619030192859,-0.000583470610310644,3.967049901232062e-06,-0.011872267014169786
2024-08-09,0.016430793534619063,-0.00038898040687376274,2.6446999341547087e-06,-0.007914844676113192
2024-08-10,0.01095386235641271,-0.0002593202712491752,1.7631332894364727e-06,-0.005276563117408795
2024-08-12,0.010452101718894841,-0.18262650756851537,1.1754221929576487e-06,-0.003517708744939197
2024-08-13,-0.0009105337384593465,-0.12175100504567693,0.05616813283411751,-0.0023451391632927985
2024-08-14,0.003910824144995743,-0.09327219979107693,0.037445421889411676,-0.0015634261088618658
2024-08-15,0.002607216096663829,-0.08016696940620949,0.02496361459294112,-0.0010422840725745773
2024-08-16,0.001738144064442553,-0.053444646270806334,0.016642409728627416,-0.0006948560483830516
2024-08-19,-0.0031715718544216695,-0.03562976418053756,0.011094939819084946,-0.0004632373655887011
2024-08-20,-0.0021143812362811134,-0.023753176120358373,0.007396626546056631,-0.00030882491039246744
2024-08-21,-0.0014095874908540758,-0.015835450746905583,0.04364668781497184,-0.00020588327359497832
2024-08-22,0.0034185417968051884,-0.010556967164603723,0.029097791876647898,0.00422101127497792
2024-08-23,0.0022790278645367927,0.005492816878340075,0.01939852791776527,0.002814007516651947
2024-08-26,0.04478397688282936,-0.17755182053448,0.012932351945176846,0.001876005011101298
2024-08-27,0.031780917833337585,-0.11836788035632001,0.008621567963451232,0.0012506700074008655
2024-08-28,0.027733494020229843,-0.07891192023754669,0.005747711975634155,0.0008337800049339104
2024-08-29,0.03773726799536166,-0.05260794682503113,-0.1557877332341273,-0.0058752655589875665
2024-08-30,0.018250998711906656,-0.04140565592845526,-0.10385848882275155,-0.003916843705991712
2024-09-02,0.01603877336205561,-0.034476287986174206,-0.06923899254850104,-0.002611229137327808
2024-09-03,-0.08592715501506117,-0.03596889497527479,-0.046159328365667364,-0.0017408194248852056
2024-09-04,-0.04002698851770155,-0.150881294718643,-0.03077288557711158,-0.0011605462832568038
2024-09-05,-0.007924062299370718,-0.10058752981242867,-0.020515257051407724,-0.0007736975221712026
2024-09-06,-0.005282708199580479,-0.06705835320828579,-0.013676838034271818,-0.0005157983481141351
2024-09-07,-0.0035218054663869866,-0.044705568805523864,-0.00911789202284788,-0.00034386556540942344
2024-09-08,0.04310522860210914,-0.029803712537015914,-0.006078594681898588,-0.00022924371027294898
2024-09-09,0.04749741578050308,-0.019869141691343944,-0.004052396454599059,-0.0005949863292332762
2024-09-10,0.12573724479442075,-0.013246094460895964,-0.002701597636399373,0.28254812663644174
2024-09-11,0.08382482986294718,-0.2021546460857731,-0.0018010650909329154,0.18836541775762786
2024-09-12,0.04594153768912615,-0.13476976405718208,-0.0012007100606219437,0.1255769451717519
2024-09-13,0.03062769179275077,-0.119660755171632,-0.0008004733737479625,0.09032023087210017
2024-09-15,0.020418461195167183,-0.079773836781088,-0.0005336489158319751,0.060213487248066785
2024-09-16,0.014701825235642514,-0.053182557854058676,-0.0003557659438879834,0.008299156791927907
2024-09-17,-0.04310104790372482,-0.03545503856937245,-0.00023717729592532232,0.005532771194618606
2024-09-18,-0.008692044635897421,-0.04203707090483875,-0.00015811819728354823,0.015865941739507294
2024-09-19,-0.005794696423931615,-0.02802471393655917,-0.0001054121315223655,-0.07564968291492742
2024-09-20,0.020022165087512003,-0.018683142624372782,-7.027475434824367e-05,-0.0774413847166398
2024-09-22,0.033390097358260463,-0.012455428416248523,-4.684983623216245e-05,-0.05162758981109321
2024-09-23,0.019267022635164468,0.06900459377320847,-3.123322415477497e-05,-0.059509425394539434
2024-09-24,0.02244283757317239,0.04600306251547232,-2.082214943651665e-05,-0.039672950263026294
2024-09-25,-0.08371896461176756,0.030668708343648217,-1.3881432957677768e-05,-0.026448633508684198
2024-09-26,-0.05581264307451171,0.020445805562432147,-9.254288638451846e-06,-0.0176324223391228
2024-09-27,-0.03720842871634115,-0.09895382166048186,-6.169525758967897e-06,-0.011754948226081868
2024-09-29,-0.024805619144227433,-0.06596921444032125,-4.113017172645266e-06,-0.07685361526242067
2024-09-30,-0.016537079429484958,-0.05155877560439065,-2.7420114484301773e-06,0.0732074665322491
2024-10-01,0.1288058535318523,-0.03335666517457933,-1.828007632286785e-06,0.04880497768816607
2024-10-02,0.09679319468213118,-0.02223777678305289,0.014250979567412673,0.03253665179211072
2024-10-03,0.08457078375467326,-0.035542934515041646,0.009500653044941782,0.019937279225708194
2024-10-04,-0.03992375880116444,-0.023695289676694434,0.006333768696627855,0.013291519483805464
2024-10-07,0.03742592185977948,-0.01579685978446296,0.004222512464418571,0.008861012989203644
2024-10-08,0.02495061457318632,-0.010531239856308642,0.002815008309612381,0.00590734199280243
2024-10-09,0.016633743048790884,-0.03690422120956973,0.001876672206408254,0.003938227995201621
2024-10-10,0.011089162032527257,-0.038533889871626405,0.0012511148042721695,0.002625485330134414
2024-10-11,-0.0004858268627044027,-0.025689259914417607,0.0008340765361814465,-0.2919321771666012
2024-10-14,-0.0003238845751362685,-0.017126173276278408,0.0005560510241209643,-0.19462145144440082
2024-10-15,-0.0002159230500908457,-0.011417448850852272,0.0003707006827473096,-0.12974763429626723
2024-10-16,-0.24516072100006553,-0.0076116325672348495,0.0002471337884982064,-0.08649842286417816
2024-10-17,-0.16344048066671038,-0.0050744217114899,0.0001647558589988043,-0.05766561524278545
2024-10-18,-0.10365125774499671,-0.12316798842464907,0.00010983723933253621,-0.0384437434951903
2024-10-21,-0.11350536711783474,-0.17159166668199843,7.322482622169081e-05,-0.01058945510655255
2024-10-22,-0.06732928085837939,-0.11951238982772396,4.8816550814460545e-05,-0.007059636737701701
2024-10-23,-0.04488618723891959,-0.07967492655181597,3.2544367209640366e-05,-0.003772270696558825
2024-10-24,0.0063130591323456095,-0.05311661770121066,2.1696244806426914e-05,-0.002514847131039217
2024-10-25,0.015197207299237842,-0.21786470585515635,0.11176701148690805,-0.0016765647540261449
2024-10-28,0.01786172457361579,-0.19869432762894723,0.07451134099127205,-0.0011177098360174301
2024-10-29,0.011907816382410527,-0.13246288508596485,0.16142677465121846,0.012671738988391995
2024-10-30,0.007938544254940352,-0.08830859005730991,0.10761784976747898,-0.002569320217614411
2024-10-31,0.008426711162886092,-0.0998055553454932,0.07174523317831934,-0.01743593847807582
2024-11-01,0.005617807441924061,-0.1863220775139846,0.0478301554522129,-0.01162395898538388
2024-11-04,-0.11186104403835266,-0.12421471834265642,0.03188677030147527,-0.029122113512870716
2024-11-05,-0.0694206341233633,-0.08280981222843763,0.02125784686765018,-0.07587516511606975
2024-11-06,-0.1453078482135655,-0.055206541485625094,0.20750075781716865,-0.05058344341071317
2024-11-07,-0.09548558045324494,-0.199308039549018,0.13833383854477913,-0.32958410605292765
2024-11-08,-0.07153565518655254,-0.2718578216453559,0.09222255902985275,-0.515584547814404
2024-11-09,-0.04769043679103503,-0.1812385477635706,0.06148170601990184,-0.34372303187626935
2024-11-11,-0.03179362452735669,-0.16100930103086397,0.03480142799792264,-0.22914868791751292
2024-11-12,-0.10525859626935699,-0.107339534020576,0.023200951998615098,-0.15276579194500864
2024-11-13,-0.06722057495883293,-0.07155968934705068,0.015467301332410067,-0.10184386129667243
2024-11-14,-0.05778751073195662,-0.07231936812672489,0.010311534221606713,-0.08951768613848343
2024-11-15,-0.038525007154637754,-0.048212912084483264,0.00687435614773781,-0.059678457425655626
2024-11-18,0.027749777180556334,-0.04205644637467011,0.004582904098491874,-0.03978563828377042
2024-11-19,0.018499851453704225,-0.028037630916446746,0.003055269398994583,-0.02652375885584695
2024-11-20,0.07225437725809056,-0.018691753944297833,0.0020368462659963887,-0.04732427821383703
2024-11-21,0.06821160442449542,0.004317154917094307,0.0013578975106642592,-0.03154951880922469
2024-11-22,0.045474402949663616,0.021855945261301725,0.0009052650071095063,-0.021033012539483132
2024-11-25,0.017647267858487116,0.014570630174201151,-0.019145952599783033,-0.028114436348502518
2024-11-26,0.013817862656581234,-0.06132706315562366,-0.012763968399855356,-0.018742957565668347
2024-11-27,0.12492671425929852,-0.04088470877041578,-0.008509312266570238,-0.012495305043778899
2024-11-28,0.10332646347278482,0.0004313577159897469,-0.005672874844380159,-0.022126577564293863
2024-11-29,-0.07005821829243415,0.00028757181065983134,-0.0037819165629201065,-0.014751051709529244
2024-11-30,-0.046705478861622775,0.00019171454043988759,-0.0025212777086134047,-0.009834034473019497
2024-12-01,0.02346238365789733,0.054727179259272445,-0.00168085180574227,-0.006556022982012999
2024-12-02,-0.0747941585728163,-0.07486843983318273,-0.0011205678704948468,-0.004370681988008667
2024-12-03,-0.049862772381877536,-0.24118616130607567,-0.0007470452469965646,-0.002913787992005778
2024-12-04,-0.03324184825458503,-0.1791414797084679,-0.0004980301646643764,-0.0019425253280038522
2024-12-05,-0.022161232169723356,-0.23921269375596774,-0.000332020109776251,-0.014904793779587406
2024-12-06,-0.0054179814035732535,-0.15947512917064519,-0.00022134673985083403,-0.041779697226508226
2024-12-07,-0.0036119876023821694,-0.17500235890244703,-0.00014756449323388937,-0.027853131484338822
2024-12-08,-0.0024079917349214466,-0.11666823926829803,-9.837632882259293e-05,-0.01856875432289255
2024-12-09,-0.02282433673592376,-0.07777882617886536,-6.558421921506196e-05,-0.012379169548595035
2024-12-10,-0.015216224490615842,-0.025656567693920093,-4.372281281004131e-05,-0.008252779699063358
2024-12-11,0.010673926870681761,-0.04026362080121779,-2.914854187336088e-05,-0.020612533345286087
2024-12-12,0.007115951247121175,-0.04596768545604245,-1.9432361248907256e-05,-0.04872385608121027
2024-12-13,0.004743967498080784,-0.030645123637361635,-1.2954907499271505e-05,-0.055480739785328644
2024-12-15,0.003162644998720523,-0.02043008242490776,-8.636604999514338e-06,-0.03698715985688577
2024-12-16,0.022150417299066145,-0.01362005494993851,-5.757736666342893e-06,-0.0387508151986401
2024-12-17,0.014766944866044098,-0.00908003663329234,-3.838491110895263e-06,-0.039941320191370165
2024-12-18,0.006751481639453289,-0.006053357755528227,-2.5589940739301756e-06,-0.014643744873038083
2024-12-19,-0.07813378162045709,-0.11550151146808355,-1.705996049286784e-06,-0.01858433915312499
2024-12-20,-0.0520891877469714,-0.2628533651422069,-1.1373306995245228e-06,-0.07890543976184665
2024-12-22,-0.034726125164647605,-0.1752355767614713,-7.582204663496819e-07,-0.031031736988206306
2024-12-23,-0.03166830848575944,-0.20537889489379663,-5.05480310899788e-07,-0.06605939517973503
2024-12-26,-0.02111220565717296,-0.1369192632625311,-3.36986873933192e-07,-0.04403959678649002
2024-12-27,0.024274679390716047,-0.09127950884168741,-2.2465791595546138e-07,-0.02935973119099335
2024-12-29,0.0161831195938107,-0.06085300589445828,-1.497719439703076e-07,-0.019573154127328903
2024-12-30,0.010788746395873803,-0.05841419196687539,-9.984796264687176e-08,-0.12780398764592363
2024-12-31,0.007192497597249202,-0.044479405526071124,-6.656530843124785e-08,-0.08520265843061577
2025-01-02,0.0047949983981661354,-0.029652937017380754,-4.437687228749857e-08,-0.07767106460589814
2025-01-03,-0.23582438235101352,-0.019768624678253837,-2.9584581524999053e-08,-0.05178070973726543
2025-01-05,-0.1572162549006757,-0.013179083118835894,-1.9723054349999372e-08,-0.03452047315817696
2025-01-06,-0.11052001286267023,-0.10050731447007909,-1.3148702899999584e-08,-0.023013648772117975
2025-01-07,-0.07368000857511349,-0.19733195203321946,-8.765801933333056e-09,-0.015342432514745319
2025-01-08,-0.04912000571674233,-0.13155463468881298,-5.843867955555372e-09,-0.3015445939407867
2025-01-09,-0.03274667047782823,-0.087703089792542,-3.895911970370248e-09,-0.20102972929385782
2025-01-10,-0.021831113651885486,-0.05846872652836134,-2.597274646913499e-09,-0.13401981952923855
2025-01-13,0.0074848844405717985,-0.03897915101890757,-1.7315164312756662e-09,-0.08934654635282571
2025-01-14,0.027028883168876656,-0.025986100679271713,-1.154344287517111e-09,-0.059564364235217146
2025-01-15,-0.1851623106037375,-0.017324067119514477,0.07839219940238462,-0.039709576156811435
2025-01-16,-0.42053828706574414,-0.09854099118958283,0.052261466268256423,-0.11346466388111413
2025-01-17,-0.282552214597543,-0.06569399412638856,0.034840977512170954,-0.07106305978897612
2025-01-19,-0.18836814306502866,-0.04379599608425904,0.023227318341447305,-0.04737537319265075
2025-01-20,-0.22501650236431314,-0.029197330722839365,0.015484878894298205,-0.03158358212843384
2025-01-21,-0.14838633542182417,-0.019464887148559578,0.010323252596198805,-0.021055721418955894
2025-01-22,-0.20982090722304167,-0.012976591432373053,0.006882168397465871,-0.014037147612637264
2025-01-23,-0.13988060481536113,-0.00865106095491537,0.004588112264977248,-0.009358098408424843
2025-01-24,-0.09150479222130592,-0.21380629016040886,0.003058741509984832,-0.006238732272283229
2025-01-27,-0.03576582080650208,-0.14253752677360593,0.002039161006656555,-0.00415915484818882
2025-01-28,-0.05625941956392843,-0.03341340769475976,-0.0026688448720195105,-0.0027727698987925473
2025-01-29,-0.03750627970928563,-0.022275605129839844,0.12034520360277638,-0.0018485132658616985
2025-01-30,-0.025004186472857088,-0.18944970076457784,0.08542776010067296,-0.0012323421772411326
2025-01-31,0.11888512423199807,-0.1262998005097186,0.05695184006711532,-0.0008215614514940885
2025-02-03,0.1214542054504977,-0.08419986700647906,0.037967893378076885,-0.0005477076343293924
2025-02-04,-0.05066224243933447,-0.057086604407322654,0.025311928918717926,-0.02108915600985924
2025-02-05,-0.031993905457817766,-0.03805773627154844,0.016874619279145287,-0.02442797822297043
2025-02-06,-0.021329270305211846,-0.07098916120921782,0.01124974618609686,-0.061902655843499146
2025-02-07,-0.05158760249745548,-0.23049177691403502,0.007499830790731241,-0.041268437228999436
2025-02-10,-0.03439173499830366,-0.1536611846093567,0.004999887193820828,0.20843391675260206
2025-02-11,-0.022927823332202443,-0.14703239416110728,0.0033332581292138857,0.13895594450173473
2025-02-12,-0.005054973590540893,-0.09802159610740487,0.0022221720861425906,0.09263729633448983
2025-02-13,-0.003369982393693929,-0.06534773073826992,0.0014814480574283939,0.06175819755632656
2025-02-14,-0.07393005089353323,-0.043565153825513285,-0.003530715443600949,0.04117213170421771
2025-02-17,-0.0986886693132639,-0.16482971591964812,0.04211728470993721,0.027448087802811813
2025-02-18,-0.0350041295069933,-0.1726351118466288,0.028078189806624812,0.018298725201874543
2025-02-19,-0.13069768117391267,-0.08199233968264728,0.018718793204416544,0.01219915013458303
2025-02-20,-0.03500228007401493,0.08453480628326952,0.01247919546961103,0.008132766756388687
2025-02-21,-0.023334853382676622,0.0064081245971747275,0.008319463646407356,0.005421844504259125
2025-02-22,-0.015556568921784416,0.004272083064783152,0.005546309097604904,0.0036145630028394174
2025-02-24,-0.023050265193766923,-0.015987761155851328,0.00369753939840327,0.014587136278321167
2025-02-25,-0.0017390535479032826,-0.01065850743723422,0.0024650262656021804,0.00972475751888078
2025-02-26,0.018882618267983608,-0.01666944797881782,0.0016433508437347871,0.006483171679253853
2025-02-27,0.07509072682569451,-0.01111296531921188,0.001095567229156525,0.004322114452835903
2025-02-28,0.08092662898242492,-0.14672587790333932,0.0007303781527710167,0.0028814096352239352
2025-03-01,0.053951085988283284,-0.09781725193555955,0.0004869187685140112,0.001920939756815957
2025-03-03,0.03596739065885553,-0.06521150129037305,0.00032461251234267415,0.0012806265045439715
2025-03-04,0.02397826043923702,-0.043474334193582036,0.00021640834156178278,0.0008537510030293145
2025-03-05,0.2932328675565455,-0.02898288946238803,0.0001442722277078552,0.277816527932407
2025-03-06,0.19548857837103034,-0.01932192630825869,9.618148513857015e-05,0.1852110186216047
2025-03-07,0.13032571891402026,-0.13266632482249494,6.412099009238011e-05,0.12347401241440314
2025-03-09,0.08688381260934684,-0.08844421654832997,4.2747326728253416e-05,0.08231600827626877
2025-03-10,0.05792254173956457,-0.05896281103221999,2.8498217818835614e-05,0.05487733885084585
2025-03-11,0.058657015126295516,-0.03930854068814666,1.8998811879223745e-05,0.010839369094603566
2025-03-12,0.009118080395028087,-0.019962733100645752,1.2665874586149165e-05,0.007226246063069045
2025-03-13,0.006078720263352059,-0.013308488733763836,8.443916390766112e-06,0.004817497375379364
2025-03-14,-0.09040026106986067,-0.008872325822509226,5.629277593844075e-06,0.0032116649169195766
2025-03-17,-0.040224821127472075,-0.005914883881672818,3.752851729229384e-06,0.0021411099446130514
2025-03-18,0.014334732786140336,-0.019012979050387672,2.5019011528195896e-06,-0.012665021359105062
2025-03-19,0.009556488524093559,-0.031138661507043395,1.6679341018797266e-06,-0.008443347572736709
2025-03-20,0.006370992349395707,-0.06158314918695103,1.111956067919818e-06,-0.021483669320379872
2025-03-21,0.09674279698849357,-0.04105543279130069,0.04929265252856946,-0.14282436251781727
2025-03-24,0.07599400685310786,-0.12530916326396205,0.032861768352379646,-0.09521624167854485
2025-03-25,0.05066267123540525,-0.16900498018100885,0.0219078455682531,-0.06347749445236324
2025-03-26,0.03116510375155532,-0.11266998678733925,0.0146052303788354,-0.061113278490944695
2025-03-27,0.020776735834370216,-0.10032930874354323,0.009736820252556936,-0.0407421856606298
2025-03-28,0.12038165841969527,0.17280072906926813,0.006491213501704624,-0.027161457107086538
2025-03-30,0.08025443894646352,0.11520048604617877,0.0043274756678030836,-0.018107638071391027
2025-03-31,0.05350295929764235,-0.10565330335689672,0.12678763619118835,-0.012071758714260685
2025-04-01,0.06738661049905437,-0.16682761141289001,0.08452509079412558,-0.008047839142840458
2025-04-02,0.04492440699936958,-0.12494889880967623,0.05635006052941706,-0.005365226095226972
2025-04-03,0.02994960466624639,-0.12553814706373537,0.03756670701961138,-0.0035768173968179816
2025-04-04,0.01996640311083093,-0.08369209804249025,0.02504447134640759,-0.002384544931211988
2025-04-07,0.03225814805362552,-0.19774329103934907,0.016696314230938394,-0.001589696620807992
2025-04-08,0.00982835561655581,-0.16536129390470283,-0.2252666882572044,-0.0010597977472053281
2025-04-09,0.006552237077703874,-0.2411307576647871,-0.15017779217146962,-0.029419403005487805
2025-04-10,0.0043681580518025835,-0.1607538384431914,-0.10011852811431309,-0.019612935336991873
2025-04-11,0.011583182957062368,-0.10716922562879429,-0.06674568540954207,-0.013075290224661251
2025-04-13,0.01263960698994613,-0.0714461504191962,-0.044497123606361384,-0.008716860149774169
2025-04-14,0.008426404659964087,-0.04763076694613081,-0.029664749070907593,-0.005811240099849446
2025-04-15,0.0056176031066427256,-0.031753844630753876,-0.019776499380605064,-0.003874160066566298
2025-04-16,0.05614479097614351,-0.02116922975383592,-0.013184332920403379,-0.0025827733777108656
2025-04-17,0.03742986065076235,-0.014112819835890614,-0.00878955528026892,-0.30465970796691993
2025-04-21,0.02495324043384157,-0.00940854655726041,-0.005859703520179281,-0.20310647197794665
2025-04-22,0.03448788194491441,-0.04412898707405252,-0.003906469013452854,-0.13540431465196445
2025-04-23,0.021543106229000457,-0.031014561077061784,-0.0026043126756352367,-0.09026954310130965
2025-04-24,0.02414187675773645,-0.02787653566738201,-0.0017362084504234914,-0.060179695400873104
2025-04-25,0.03613657180507676,-0.01858435711158801,-0.0011574723002823278,-0.06308653199889877
2025-04-28,0.024091047870051178,-0.01238957140772534,-0.0007716482001882185,-0.042057687999265854
2025-04-29,0.008182097028978211,-0.13185045682012367,-0.027990112047615406,-0.06284633938568
2025-04-30,0.018945251770342418,-0.08434220030982845,-0.018660074698410273,-0.04189755959045334
2025-05-01,0.012630167846894946,-0.056228133539885636,-0.012440049798940183,-0.027931706393635562
2025-05-02,0.008420111897929966,-0.04221431083184505,-0.00829336653262679,-0.018621137595757044
2025-05-05,0.005613407931953311,-0.046311651736180154,-0.0041986868455032795,-0.012414091730504697
2025-05-06,0.02378425925455467,-0.03087443449078677,-0.0027991245636688534,-0.008276061153669799
2025-05-07,0.03187098472967397,-0.23069573169270274,-0.0018660830424459024,-0.005517374102446533
2025-05-08,0.02048359021315741,0.11482841537847041,-0.0012440553616306018,-0.010196240825237894
2025-05-09,0.02946087936407836,0.07655227691898028,-0.0008293702410870679,-0.006797493883491931
2025-05-10,0.01964058624271891,0.05103485127932019,-0.0005529134940580454,-0.004531662588994621
2025-05-12,-0.012690867671937797,0.027509740429760274,-0.000368608996038697,-0.003021108392663081
2025-05-13,-0.06889497948326737,0.01833982695317352,-0.0002457393306924647,-0.002014072261775388
2025-05-14,-0.04592998632217825,0.01222655130211568,-0.00016382622046164316,-0.001342714841183592
2025-05-15,-0.0729460285499717,0.027153553749349753,-0.00010921748030776212,-0.0008951432274557281
2025-05-16,-0.04464028139213889,0.01810236916623317,0.008143589287674462,-0.0005967621516371522
2025-05-18,-0.029760187594759263,0.012068246110822115,0.005429059525116309,-0.00039784143442476815
2025-05-19,0.020374394884594412,0.008045497407214745,0.0036193730167442062,-0.00026522762294984545
2025-05-20,0.03180033212296707,-0.006211179581154118,0.0024129153444961376,-0.00017681841529989698
2025-05-21,0.02120022141531138,-0.016796372391693282,0.001608610229664092,-0.00011787894353326467
2025-05-22,0.032350883143445044,-0.01119758159446219,0.0010724068197760614,-7.85859623555098e-05
2025-05-23,0.08971496936831222,0.03577937701988551,0.0007149378798507077,-5.239064157033987e-05
2025-05-25,0.05980997957887482,0.02385291801325701,0.0004766252532338052,-3.492709438022658e-05
2025-05-26,0.031051586423332375,0.007579736222374591,0.00031775016882253684,-2.3284729586817724e-05
2025-05-27,0.07791064868636587,-0.04890634380476464,0.00021183344588169125,-1.5523153057878485e-05
2025-05-28,0.05194043245757725,-0.03260422920317643,0.00014122229725446086,-1.0348768705252325e-05
2025-05-29,0.040708666472601275,-0.05507671866238908,9.414819816964058e-05,-0.013803273380911432
2025-05-30,0.03783711902232129,0.020766598261589497,6.276546544642706e-05,0.018115125635520563
2025-05-31,0.025224746014880863,0.013844398841059667,4.184364363095138e-05,0.012076750423680376
2025-06-01,0.01681649734325391,0.009229599227373113,2.7895762420634255e-05,0.008051166949120251
2025-06-02,0.011210998228835941,-0.11100086981067107,1.8597174947089505e-05,0.005367444632746835
2025-06-03,0.007473998819223962,-0.07400057987378073,1.2398116631393004e-05,0.10183991602943873
2025-06-04,0.004982665879482642,-0.04933371991585382,8.265411087595337e-06,0.18713536435952807
2025-06-05,0.005688059298829646,-0.03288914661056922,0.11589798264055035,0.12475690957301873
2025-06-06,0.006115777769775134,-0.021926097740379482,0.0772653217603669,0.08317127304867916
2025-06-09,-0.047600637886861336,-0.014617398493586323,0.051510214506911275,0.030008026974704623
2025-06-10,-0.0317337585912409,-0.00974493232905755,0.03434014300460752,0.02000535131646975
2025-06-11,0.03983220095924121,-0.18895024894038762,0.02289342866973835,0.011058918145986297
2025-06-12,0.026554800639494145,-0.10088319389926015,0.015262285779825567,0.007372612097324199
2025-06-13,0.017703200426329432,-0.24970908998718938,0.01017485718655038,0.004915074731549466
2025-06-14,0.011802133617552956,-0.16647272665812626,0.006783238124366921,0.0032767164876996444
2025-06-16,0.021132740178209437,-0.11098181777208418,0.0045221587495779475,-0.02025160967171596
2025-06-17,0.005657875901130767,-0.0739878785147228,0.003014772499718632,-0.013501073114477308
2025-06-18,0.005396583421805125,-0.11760528859389875,0.002009848333145755,-0.1936321872422448
2025-06-20,0.0035977222812034167,-0.07840352572926584,0.001339898888763837,-0.1290881248281632
2025-06-23,-0.06120192701340665,-0.05402370835627917,0.0008932659258425581,-0.0878134410888774
2025-06-24,-0.040801284675604434,-0.03601580557085279,0.0005955106172283721,-0.07328465109472956
2025-06-25,-0.05404633231613791,-0.024010537047235193,0.0003970070781522481,-0.04885643406315305
2025-06-26,-0.01598890091083948,-0.22312598293294378,0.00026467138543483207,-0.032570956042102035
2025-06-27,0.025858986112127672,-0.1487506552886292,0.00017644759028988805,-0.021713970694734692
2025-06-30,-0.016790045892099554,-0.09916710352575282,0.2570504652692863,-0.014475980463156464
2025-07-01,0.0006289367245965426,-0.06611140235050189,0.1713669768461909,-0.023760061504131798
2025-07-02,0.00041929114973102843,-0.04407426823366793,0.11424465123079394,-0.015840041002754535
2025-07-03,0.020321514733073146,-0.029382845489111957,0.07616310082052931,-0.010560027335169692
2025-07-04,-0.010089571093561229,-0.019588563659407972,0.050775400547019546,-0.007040018223446462
2025-07-07,-0.014604982280096728,-0.23527952846958788,0.033850267031346366,-0.004693345482297642
2025-07-08,-0.00973665485339782,-0.1509421629513274,0.022566844687564248,-0.003128896988198428
2025-07-09,-0.006491103235598547,-0.10062810863421827,0.015044563125042834,-0.002085931325465619
2025-07-10,-0.004327402157065699,-0.06708540575614552,0.010029708750028557,-0.001390620883643746
2025-07-11,0.05491507072913816,-0.044723603837430355,0.006686472500019039,-0.0009270805890958308
2025-07-14,0.031807539493959286,-0.08275153485453121,0.004457648333346027,-0.0006180537260638872
2025-07-15,0.041542300006496335,-0.05516768990302082,0.0029717655555640183,-0.00041203581737592486
2025-07-16,0.07194266032559835,-0.036778459935347216,0.001981177037042679,-0.0002746905449172833
2025-07-17,0.09923731493541374,-0.07128840228846337,0.0013207846913617862,-0.00018312702994485554
2025-07-18,0.0867527323139295,-0.1159895007208365,0.0008805231275745242,-0.0001220846866299037
2025-07-21,0.0499565533248971,-0.039938284747824265,0.0005870154183830163,-8.138979108660248e-05
2025-07-22,0.02656663500258593,-0.02662552316521618,0.0003913436122553442,-5.425986072440166e-05
2025-07-23,0.013300594641031616,-0.20020397616449337,0.00026089574150356284,-3.617324048293444e-05
2025-07-24,0.022525689719956315,-0.1334693174429956,0.00017393049433570858,-2.4115493655289632e-05
2025-07-25,0.015017126479970878,-0.08897954496199707,0.0001159536628904724,-1.607699577019309e-05
2025-07-26,0.01001141765331392,-0.05931969664133139,7.730244192698161e-05,-1.0717997180128729e-05
2025-07-28,-0.02866946045812524,-0.039546464427554266,5.1534961284654414e-05,-7.145331453419153e-06
2025-07-29,-0.019112973638750162,-0.026364309618369514,3.435664085643628e-05,-4.763554302279436e-06
2025-07-30,-0.012741982425833442,-0.017576206412246345,2.2904427237624188e-05,-3.175702868186291e-06
2025-07-31,0.005907327277405592,-0.08910034716879693,1.5269618158416126e-05,-2.1171352454575277e-06
2025-08-01,0.003938218184937062,-0.08488974800212759,1.0179745438944086e-05,0.011673852021085649
2025-08-04,0.05260715483203797,-0.14042776379653862,6.786496959296058e-06,-0.09486300053557592
2025-08-05,0.09044922663817981,-0.12103709034568105,4.524331306197373e-06,-0.0611030566351999
2025-08-06,0.07961822648214088,-0.08024485294981822,3.016220870798249e-06,-0.040735371090133275
2025-08-07,0.05307881765476059,-0.15186000601261207,2.0108139138655e-06,-0.027156914060088855
2025-08-08,0.03538587843650707,-0.058847896660760714,1.3405426092436666e-06,-0.01810460937339257
2025-08-10,0.023590585624338047,-0.039231931107173816,8.936950728291111e-07,-0.012069739582261716
2025-08-11,0.0409644310905939,-0.08070281226564147,5.957967152194075e-07,-0.08439066769819874
2025-08-12,0.022479409326076887,-0.22356337112935845,3.971978101462717e-07,-0.0562604451321325
2025-08-13,0.056913838187164986,-0.3314958748072549,0.10687225901080988,-0.03750696342142167
2025-08-14,0.03794255879144333,-0.38289396915834245,0.07124817267387326,-0.13096145373882018
2025-08-15,0.022159040150513003,-0.25526264610556165,0.047498781782582176,-0.08730763582588012
2025-08-18,0.05002454017762989,-0.1701750974037078,0.03166585452172146,-0.06006796853046137
2025-08-19,0.049633272622457154,-0.1134500649358052,0.02111056968114764,-0.040045312353640915
2025-08-20,0.03308884841497144,-0.07068940230774999,0.014073713120765096,-0.02669687490242728
2025-08-21,0.01658728250063394,-0.10325437273295801,0.009382475413843398,-0.01779791660161819
2025-08-22,-0.0013469786895849,0.06970189479846368,0.0062549836092289325,-0.011865277734412127
2025-08-23,0.014619077645835764,0.04646792986564246,0.004169989072819289,-0.007910185156274752
2025-08-24,0.00974605176389051,0.030978619910428308,0.002779992715212859,-0.0052734567708498355
2025-08-25,-0.036483474449715135,0.011756752833491821,0.001853328476808573,-0.003515637847233224
2025-08-26,-0.13323631224625715,0.007837835222327881,0.0012355523178723823,-0.0023437585648221496
2025-08-27,-0.06775994284347303,0.005225223481551922,0.000823701545248255,-0.0015625057098814332
2025-08-28,-0.3001051573845784,-0.17897014506664796,0.0005491343634988368,-0.001041670473254289
2025-08-29,-0.1747277323665248,-0.1879990361664489,0.0003660895756658912,-0.0006944469821695261
2025-08-31,-0.11648515491101655,-0.12533269077763262,0.00024405971711059416,-0.0004629646547796841
2025-09-01,-0.0776567699406777,-0.091341368855538,0.00016270647807372946,-0.0003086431031864561
2025-09-02,-0.05177117996045181,-0.060894245903692,0.00010847098538248632,-0.00020576206879097076
2025-09-03,-0.034514119973634544,-0.14905293989578972,7.231399025499089e-05,-0.00013717471252731387
2025-09-04,-0.023009413315756365,-0.16694708637661465,0.26692095060882287,-9.144980835154259e-05
2025-09-05,0.022098516368930045,-0.11129805758440978,0.17794730040588194,-6.09665389010284e-05
2025-09-07,0.014732344245953365,-0.0741987050562732,0.11863153360392131,-4.064435926735227e-05
2025-09-08,0.009821562830635578,-0.07261142935949118,0.07908768906928089,-2.7096239511568184e-05
2025-09-09,5.7545048679691346e-05,-0.04840761957299412,0.052725126046187266,-0.0169650405432015
2025-09-10,0.00546597970372159,-0.20417564221707782,0.03515008403079151,-0.011310027028801
2025-09-11,-0.001186224931837991,-0.08286201115110056,0.1309211225192841,-0.007540018019200668
2025-09-12,-0.0007908166212253273,-0.05524134076740038,0.0872807483461894,-0.0050266786794671125
2025-09-14,-0.000527211080816885,-0.03682756051160026,0.05818716556412627,-0.003351119119644742
2025-09-15,-0.21488935785215926,-0.024551707007733507,0.03879144370941752,-0.0008974874739650762
2025-09-16,-0.14325957190143954,-0.01636780467182234,0.025860962472945014,-0.0005983249826433842
2025-09-17,-0.09550638126762637,-0.010911869781214894,0.017240641648630012,-0.00039888332176225616
2025-09-18,-0.09896521271885719,-0.007274579854143264,0.19255651906798926,-0.04865687694740307
2025-09-19,-0.07385541003029404,-0.037150390844432904,0.12837101271199286,-0.032437917964935385
2025-09-21,-0.04923694002019603,-0.024766927229621937,0.08558067514132858,-0.02162527864329026
2025-09-22,-0.008196373895719578,-0.013884003968542773,0.05705378342755239,-0.04142511520221502
2025-09-23,-0.0012399606760441807,-0.009256002645695182,0.03803585561836827,-0.046411692324179216
2025-09-24,-0.08180778120001816,-0.0061706684304634555,0.02535723707891218,0.027513415136007593
2025-09-25,-0.04788369946374274,-0.006436070288112417,0.016904824719274788,0.016019985422868286
2025-09-26,-0.018412412952673287,-0.004290713525408278,0.011269883146183194,0.010679990281912192
2025-09-29,-0.012274941968448859,-0.0028604756836055193,0.007513255430788797,0.007119993521274796
2025-09-30,0.0357542634556506,0.0663075121876956,0.005008836953859198,0.004746662347516531
2025-10-01,0.02709053087895539,0.0442050081251304,0.0033392246359061325,0.0031644415650110207
2025-10-02,0.018060353919303596,0.029470005416753604,0.0022261497572707554,0.0021096277100073474
2025-10-03,0.011546998818342012,0.0026059556562918543,0.0014840998381805037,0.0014064184733382317
2025-10-05,0.007697999212228008,0.0017373037708612363,0.000989399892120336,0.0009376123155588213
2025-10-06,0.002510270547921624,0.001158202513907491,0.000659599928080224,0.0006250748770392142
2025-10-07,0.0016735136986144163,0.0007721350092716608,0.00043973328538681605,0.00041671658469280955
2025-10-08,0.00719738729995938,0.0005147566728477739,0.0002931555235912107,0.0002778110564618731
2025-10-09,0.03488974258768858,0.0003431711152318493,0.00019543701572747384,0.00018520737097458209
2025-10-10,-0.020619094468035285,0.00022878074348789957,0.0001302913438183159,0.00012347158064972142
2025-10-11,-0.013746062978690191,0.00015252049565859973,8.686089587887727e-05,8.231438709981429e-05
2025-10-13,-0.009164041985793462,0.00010168033043906649,5.7907263919251524e-05,-0.0016989457109657447
2025-10-14,0.005082756804278458,6.778688695937767e-05,3.8604842612834356e-05,-0.0011326304739771632
2025-10-15,-0.005965381511813425,4.5191257972918446e-05,2.5736561741889575e-05,-0.0007550869826514422
2025-10-16,-0.003976921007875617,-0.025565390944626988,1.7157707827926387e-05,-0.002257213290799916
2025-10-17,0.0043749471400552215,-0.042639112413026925,1.1438471885284259e-05,-0.0015048088605332775
2025-10-18,-0.026817071113694163,-0.028426074942017952,7.62564792352284e-06,-0.001003205907022185
2025-10-20,-0.024368210914206805,-0.01895071662801197,5.08376528234856e-06,-0.0006688039380147901
2025-10-21,-0.004779626450586522,-0.007910855759102048,3.3891768548990405e-06,-0.00044586929200986014
2025-10-22,-0.002433235957654453,-0.005273903839401366,2.2594512365993608e-06,0.001312104049530963
2025-10-23,-0.0016221573051029687,-0.10648020923641784,1.506300824399574e-06,0.0008747360330206421
2025-10-24,-0.008670696456976351,-0.0709868061576119,1.004200549599716e-06,0.0005831573553470948
2025-10-25,-0.017509707205658236,-0.047324537438407935,6.694670330664774e-07,0.00038877157023139655
2025-10-27,-0.011294405257148928,-0.031549691625605294,4.463113553776517e-07,0.00025918104682093107
2025-10-28,-0.007529603504765952,-0.035130522792981914,2.9754090358510113e-07,0.0001727873645472874
2025-10-29,-0.0050197356698439685,-0.09210595465067152,1.9836060239006743e-07,0.00011519157636485827
2025-10-30,0.058578756865029454,-0.061403969767114354,1.3224040159337831e-07,7.679438424323885e-05
2025-10-31,0.06681970335785874,-0.04008229107818394,0.0621941698044849,-0.015616958748418655
2025-11-01,0.04454646890523916,-0.02672152738545596,0.04146277986965661,-0.010411305832279104
2025-11-03,0.02969764593682611,-0.017814351590303975,0.027641853246437743,0.005876929490160691
2025-11-04,0.019798430624550743,-0.011876234393535984,0.01842790216429183,0.0039179529934404616
2025-11-05,0.011387849233512194,-0.03369145938503672,0.012285268109527887,0.0026119686622936415
2025-11-06,0.00644079554873315,-0.04609005632498482,0.008190178739685259,0.0017413124415290946
2025-11-07,0.004293863699155434,-0.03072670421665655,0.005460119159790173,0.0011608749610193965
2025-11-10,0.00491559321702678,-0.11735053573492994,0.0036400794398601154,0.0007739166406795977
2025-11-11,-0.05988244627898826,-0.06521121182007149,0.0024267196265734107,0.0005159444271197319
2025-11-12,-0.047800232403714754,-0.043474141213380994,0.001617813084382274,0.00034396295141315465
2025-11-13,-0.09442273407064497,-0.028982760808920666,-0.18341060630224912,0.00022930863427543646
2025-11-14,-0.004008317184995419,-0.16743787480861333,-0.12227373753483275,0.000152872422850291
2025-11-15,-0.002672211456663613,-0.1116252498724089,-0.08151582502322184,0.00010191494856686068
2025-11-17,-0.001781474304442409,-0.07441683324827261,-0.05434388334881457,6.79432990445738e-05
2025-11-18,0.016664738786058425,-0.23206484955319767,-0.03622925556587638,4.5295532696382535e-05
2025-11-19,0.011109825857372285,-0.135563618718048,-0.02415283704391759,3.019702179758836e-05
2025-11-21,0.007406550571581524,-0.09037574581203202,-0.01610189136261173,2.013134786505891e-05
2025-11-24,0.01244459246612973,-0.06025049720802135,-0.010734594241741153,1.3420898576705941e-05
2025-11-25,0.00829639497741982,-0.165485776196574,-0.007156396161160769,8.947265717803962e-06
2025-11-26,0.0055309299849465475,-0.11032385079771602,-0.00477093077410718,5.964843811869309e-06
2025-11-27,-0.01547011742340227,-0.04586140363554375,-0.0031806205160714537,3.976562541246207e-06
2025-11-28,-0.013777449788959159,-0.030574269090362503,-0.027560758885231105,-0.037276825680387336
2025-12-01,-0.009184966525972773,-0.04435001114624614,-0.018373839256820738,-0.04186301852203231
2025-12-02,-0.05659846260583459,-0.11349466062001304,-0.012249226171213826,-0.027908679014688208
2025-12-03,-0.08406140188002625,-0.05644005158816389,-0.008166150780809218,-0.018605786009792142
2025-12-04,-0.21797730462169673,-0.013842597565880174,-0.005444100520539479,-0.01240385733986143
2025-12-05,-0.14531820308113116,-0.3012930676088272,-0.0036294003470263196,-0.008269238226574287
2025-12-06,-0.10709235595957452,-0.20086204507255148,-0.00241960023135088,-0.005512825484382858
2025-12-08,-0.1639242082986303,-0.13390803004836768,-0.0016130668209005867,-0.012298653082918956
2025-12-09,-0.10928280553242022,-0.08927202003224513,-0.0010753778806003912,-0.034005529057232434
2025-12-10,-0.0595416569115086,-0.05951468002149676,-0.0007169185870669275,-0.03677976056684911
2025-12-11,-0.05322158044585676,-0.02000074404047076,-0.00047794572471128503,-0.02451984037789941
2025-12-12,0.03913610902670958,0.09643009467213588,-0.0003186304831408567,-0.0295049052260534
2025-12-15,0.04277912967565284,0.06428672978142393,-0.0002124203220939045,-0.019669936817368935
2025-12-16,0.030572437201358386,-0.17095130154583527,-0.00014161354806260302,-0.09015620282721591
2025-12-17,0.00685448229605457,-0.29916573460958845,-9.440903204173535e-05,-0.14427647346544314
2025-12-18,-0.05752000440958804,-0.199443823073059,-6.293935469449024e-05,-0.10052568617322742
2025-12-19,-0.03834666960639203,-0.204786269597709,0.2710595834891554,-0.08324805251663725
2025-12-20,-0.025564446404261355,-0.136524179731806,0.18070638899277028,-0.055498701677758173
2025-12-21,-0.017042964269507573,-0.27334815497530823,0.1204709259951802,-0.219331169605943
2025-12-22,0.003500781244841782,0.041040920646102375,0.08987003305121871,-0.11858546451111136
2025-12-23,-0.0044427990669624225,0.027360613764068252,0.059913355367479146,-0.3799036945924461
2025-12-24,-0.002961866044641615,0.018240409176045504,0.039942236911652766,-0.25326912972829746
2025-12-25,-0.0019745773630944104,-0.028053458643957075,0.02662815794110185,-0.16884608648553165
2025-12-26,-0.001316384908729607,-0.08962282280988434,0.017752105294067903,-0.11256405765702111
2025-12-29,-0.0008775899391530715,-0.09231539519870904,0.011834736862711937,-0.07504270510468075
2025-12-30,-0.000585059959435381,-0.06154359679913937,0.007889824575141292,-0.050028470069787175
2025-12-31,0.06251316682249711,-0.041029064532759583,0.005259883050094195,-0.03335231337985812
2026-01-02,0.04167544454833141,-0.07037618917004453,0.0035065887000627974,-0.02223487558657208
2026-01-05,0.027783629698887608,-0.0007490849281429415,0.0023377258000418654,0.04281515636249199
2026-01-06,0.007721899220238226,-0.0004993899520952945,0.001558483866694577,0.074853772972715
2026-01-07,0.005147932813492151,-0.00033292663473019634,0.0010389892444630515,-0.2011405324408133
2026-01-08,-0.005232853958390333,-0.14989469029756472,0.000692659496308701,-0.13409368829387555
2026-01-09,-1.0690437013691559e-05,-0.09992979353170982,0.0004617729975391341,-0.04464406113795527
2026-01-10,-7.1269580091277065e-06,-0.06661986235447322,0.0003078486650260894,-0.029762707425303517
2026-01-12,-4.751305339418471e-06,-0.09288892057980164,0.00020523244335072632,-0.01984180495020235
2026-01-13,-3.1675368929456476e-06,-0.214561574789849,0.00013682162890048423,-0.013227869966801567
2026-01-14,-0.014531573353236552,-0.1605688983420313,9.121441926698949e-05,-0.008818579977867712
2026-01-15,-0.006266892004692315,-0.13802108030980037,6.080961284465967e-05,0.0388726777393833
2026-01-16,-0.00417792800312821,-0.09201405353986693,4.053974189643978e-05,0.0259151184929222
2026-01-19,-0.002785285335418807,-0.24379632974759388,2.7026494597626525e-05,0.017276745661948135
2026-01-20,-0.001856856890279205,-0.19081829847624338,1.8017663065084352e-05,0.011517830441298758
2026-01-21,-0.00123790459351947,-0.12721219898416228,1.2011775376722903e-05,0.007678553627532506
2026-01-22,0.025308841258173453,-0.08480813265610819,8.007850251148603e-06,0.005119035751688338
2026-01-23,0.03691454813870143,-0.056538755104072136,5.338566834099069e-06,0.0034126905011255594
2026-01-24,0.02460969875913429,-0.06576661395041628,3.559044556066046e-06,0.0022751270007503733
2026-01-25,0.016406465839422863,-0.32418971013366166,2.372696370710698e-06,0.0015167513338335823
2026-01-26,-0.03541220441720411,-0.21612647342244112,1.5817975804737986e-06,0.001011167555889055
2026-01-27,-0.023608136278136075,-0.14408431561496077,1.0545317203158659e-06,-0.04572552386930216
2026-01-28,-0.021939277219602468,-0.17401088361827016,7.03021146877244e-07,-0.03048368257953478
2026-01-29,-0.014626184813068314,-0.15348140123743137,4.686807645848294e-07,-0.02032245505302319
2026-01-30,-0.019380357339571587,-0.24803372578990673,3.12453843056553e-07,-0.013548303368682128
2026-01-31,-0.012920238226381059,-0.16535581719327117,2.0830256203770203e-07,-0.009032202245788086
2026-02-02,0.0015425345800140714,-0.1102372114621808,1.3886837469180138e-07,-0.006021468163858725
2026-02-03,0.20849533124114536,0.13397550054634877,9.257891646120093e-08,-0.004014312109239151
2026-02-04,0.1590389070798653,0.10022003596521264,6.171927764080063e-08,-0.002676208072826101
2026-02-05,0.10602593805324353,-0.11196595416799619,4.114618509386709e-08,-0.0017841387152174007
2026-02-06,0.07007584231384144,-0.0746439694453308,-0.0006080889575308603,-0.001189425810144934
2026-02-07,0.04671722820922763,-0.04976264629688721,-0.00040539263835390687,-0.0007929505400966228
2026-02-08,0.031144818806151754,-0.03317509753125814,-0.0002702617589026046,-0.0005286336933977485
2026-02-09,0.020763212537434506,-0.02211673168750543,-0.00018017450593506976,-0.00035242246226516573
2026-02-10,0.004184577429073924,-0.014744487791670289,-0.00012011633729004652,-0.0002349483081767772
2026-02-11,0.0008707616486667755,0.013129089514803271,-8.007755819336436e-05,-0.00015663220545118482
2026-02-12,0.0005805077657778504,-0.11967583216535291,-5.3385038795576247e-05,-0.0001044214703007899
2026-02-13,-0.15301501597757608,-0.12048526003829135,-3.55900258637175e-05,-0.04077098624158994
2026-02-14,-0.1020100106517174,-0.270875157713039,-2.3726683909145004e-05,-0.027180657494393294
2026-02-17,-0.06800667376781161,-0.4637709930036752,-1.5817789272763338e-05,-0.01812043832959553
2026-02-18,-0.04533778251187441,-0.30918066200245015,-1.0545192848508894e-05,-0.012080292219730355
2026-02-19,-0.005687305056230479,-0.28489906090252,-7.030128565672597e-06,-0.008053528146486905
2026-02-20,-0.003791536704153653,-0.12044804376199776,-4.686752377115065e-06,-0.005369018764324604
2026-02-22,-0.0025276911361024356,-0.08029869584133185,-3.124501584743377e-06,-0.00357934584288307
2026-02-23,-0.11244282541857861,-0.15097258372697536,-2.083001056495585e-06,-0.002386230561922047
2026-02-24,-0.07496188361238575,0.12510897627411083,-1.3886673709970566e-06,-0.0015908203746146982
2026-02-25,-0.04997458907492384,0.08340598418274056,-9.257782473313712e-07,-0.0010605469164097988
2026-02-26,-0.04229903123463144,0.05560398945516038,-6.171854982209142e-07,-0.014799459266453627
2026-02-27,-0.006387955789333918,0.011568524601099816,-4.114569988139429e-07,-0.009866306177635753
2026-02-28,-0.004258637192889279,-0.06097325638795036,-2.74304665875962e-07,-0.0065775374517571695
2026-03-02,-0.009356495531429334,-0.14701597363329025,-1.8286977725064134e-07,-0.004385024967838114
2026-03-03,-0.009643324078473438,-0.09801064908886017,-1.2191318483376091e-07,-0.0029233499785587427
2026-03-04,-0.0064288827189822925,-0.36701467889304995,-8.127545655584061e-08,-0.0019488999857058286
2026-03-05,0.015756065487264267,-0.25118994635181985,-5.418363770389375e-08,-0.28289746333251725
2026-03-06,0.07998068785627595,-0.2509174118229903,-3.612242513592917e-08,-0.18859830888834486
2026-03-07,0.05332045857085064,-0.16727827454866023,-2.4081616757286117e-08,-0.12573220592556325
2026-03-08,0.035546972380567095,-0.11151884969910683,-1.605441117152408e-08,-0.08382147061704218
2026-03-09,0.008827198893817601,-0.09622926580800416,-1.0702940781016055e-08,-0.055880980411361456
2026-03-10,0.014867129202347555,-0.07755570324191652,-7.135293854010704e-09,-0.017269539233175122
2026-03-11,0.009911419468231705,-0.10683214308109021,-4.7568625693404704e-09,-0.011513026155450082
2026-03-12,0.04283776234726622,-0.03748608391341989,1.563000949578253e-05,-0.007675350770300056
2026-03-13,0.028558508231510814,-0.024990722608946598,1.0420006330521687e-05,-0.005116900513533371
2026-03-15,0.019039005487673878,-0.007789934722836046,6.946670887014459e-06,-0.0034112670090222477
2026-03-16,-0.21827310293945112,0.04031357124563374,4.631113924676306e-06,0.0780870094520235
2026-03-17,-0.17610285908005266,0.02687571416375583,3.087409283117538e-06,0.052058006301349005
2026-03-18,-0.12528050760442436,0.01791714277583722,0.032534573898014355,0.034705337534232675
2026-03-19,-0.08352033840294958,0.011944761850558148,0.021689715932009572,-0.13540426615219397
2026-03-20,-0.05568022560196639,-0.13163180005012456,0.014459810621339716,-0.09026951076812932
2026-03-21,-0.03712015040131093,-0.08775453336674972,0.009639873747559811,-0.06017967384541956
2026-03-22,-0.02474676693420729,-0.058503022244499825,0.006426582498373208,-0.040119782563613045
2026-03-23,-0.016497844622804864,-0.058987556530983386,0.004284388332248806,-0.026746521709075367
2026-03-24,-0.010998563081869911,-0.12012163955897168,0.0028562588881658707,-0.04050725140022622
2026-03-25,0.019053679465685,-0.08008109303931446,0.0019041725921105806,-0.04432969788940341
2026-03-26,0.00316952451032646,-0.05962265546202694,0.022772988771562537,-0.029553131926268947
2026-03-27,0.03250761580276653,-0.1510606022101643,0.015181992514375027,-0.019702087950845968
2026-03-30,0.024280010838032863,-0.07199351927369849,0.010121328342916685,-0.01313472530056398
2026-03-31,0.01618667389202191,-0.09907932250519605,0.006747552228611124,0.09235597407944095
2026-04-01,0.010791115928014608,-0.06605288167013071,0.0044983681524074165,0.061570649386293974
2026-04-02,0.022463011555089216,-0.035779986310093555,0.002998912101604945,0.041047099590862654
2026-04-06,0.014975341036726146,-0.05540742213731935,0.001999274734403297,0.027364733060575106
2026-04-07,0.009983560691150766,-0.03693828142487957,0.0013328498229355315,0.01824315537371674
2026-04-08,0.006655707127433845,-0.3123451345119473,0.0008885665486236877,0.012162103582477827
2026-04-09,0.0044371380849558975,-0.21336542966985683,0.0005923776990824585,0.008108069054985219
2026-04-10,-0.12577038709032012,-0.20539880686683115,0.0003949184660549724,0.005405379369990146
2026-04-11,-0.08384692472688009,-0.1369325379112208,0.00026327897736998164,0.003603586246660098
2026-04-13,-0.05589794981792007,-0.1268530301884707,0.00017551931824665444,0.0024023908311067324
2026-04-14,-0.037265299878613385,-0.0845686867923138,0.00011701287883110297,0.0016015938874044883
2026-04-15,-0.01809700271957201,-0.1848076830367643,7.800858588740199e-05,-0.009949416951606083
2026-04-16,-0.012064668479714675,-0.12320512202450953,5.200572392493467e-05,-0.006632944634404056
2026-04-17,-0.003318897845449637,-0.0821367480163397,3.4670482616623116e-05,-0.004421963089602705
2026-04-20,0.002511615910727056,-0.05475783201089314,2.3113655077748747e-05,-0.00294797539306847
2026-04-21,0.0016744106071513707,-0.03650522134059543,1.5409103385165833e-05,-0.0019653169287123136
2026-04-22,0.001116273738100914,-0.20679044161474622,1.0272735590110556e-05,-0.0013102112858082093
2026-04-23,0.0007441824920672761,-0.13424968965673392,6.848490393407038e-06,-0.0008734741905388063
2026-04-24,0.020538108961297312,-0.08949979310448929,4.565660262271359e-06,-0.0005823161270258709
2026-04-25,0.013692072640864876,-0.0596665287363262,3.0437735081809063e-06,-0.0003882107513505806
2026-04-26,0.009128048427243253,-0.03570056420880762,2.029182338787271e-06,-0.00025880716756705377
2026-04-27,0.018786698187284484,-0.023800376139205083,1.352788225858181e-06,-0.0001725381117113692
2026-04-28,0.012524465458189657,-0.03236150448992609,0.006246507506381173,-0.00011502540780757948
2026-04-29,0.0038260037611558785,-0.021574336326617396,0.004164338337587449,-7.6683605205053e-05
2026-04-30,-0.10777103760768077,-0.14381312655839548,0.002776225558391633,-5.112240347003534e-05
2026-05-01,-0.07184735840512052,-0.095875417705597,0.0018508170389277556,-3.40816023133569e-05
2026-05-03,-0.047898238936747016,-0.06391694513706468,0.0012338780259518371,-2.27210682089046e-05
2026-05-04,-0.07604261391009551,-0.04261129675804313,0.0008225853506345582,-1.5147378805936403e-05
2026-05-05,-0.05069507594006368,-0.09373653649289565,0.0005483902337563722,-1.0098252537290937e-05
2026-05-06,-0.03379671729337579,-0.06249102432859711,0.0003655934891709148,-6.732168358193959e-06
2026-05-07,-0.019885297164197808,-0.04166068288573141,0.0002437289927806099,-0.0065224795358456685
2026-05-08,-0.013256864776131874,-0.06625420453077234,0.0001624859951870733,-0.0043483196905637796
2026-05-11,-0.006688931438603248,-0.05068296344363476,0.00010832399679138221,-0.0028988797937091865
2026-05-12,0.01558269967418363,-0.03378864229575651,7.221599786092148e-05,-0.001932586529139458
2026-05-13,0.026905372969186638,-0.05516040723095905,4.814399857394766e-05,-0.0012883910194263055
2026-05-14,0.04069714760242325,-0.04493939893491117,3.2095999049298445e-05,-0.0008589273462842038
2026-05-15,0.07109109405317851,-0.029959599289940783,-0.005745297411728466,-0.000572618230856136
2026-05-18,-0.013918386773010431,-0.019973066193293858,-0.0038301982744856447,-0.00038174548723742403
2026-05-19,-0.009278924515340289,-0.013315377462195906,-0.0025534655163237632,-0.0005049333570960168
2026-05-20,0.008131334350841866,-0.008876918308130605,-0.0017023103442158423,-0.00033662223806401123
2026-05-21,0.009390092006218185,-0.06240086906631238,0.18442154811446096,-0.00022441482537600751
2026-05-22,0.043843248559959566,-0.04160057937754159,0.12294769874297398,-0.00014960988358400502
2026-05-25,0.029228832373306382,-0.04444043461251898,0.08196513249531599,-9.973992238933669e-05
2026-05-26,0.019485888248870924,-0.029626956408345992,0.054643421663544,-6.649328159289114e-05
2026-05-27,0.01299059216591395,-0.01845077065966149,0.036428947775696004,-0.07577463546817167
2026-05-28,0.008660394777275968,-0.012300513773107662,0.024285965183797338,-0.06431279784722238
2026-05-29,-0.07311934103275812,-0.008200342515405109,0.016190643455864896,-0.04287519856481493
2026-06-01,-0.04874622735517208,-0.005466895010270073,0.010793762303909932,-0.02858346570987662
2026-06-02,-0.03249748490344806,-0.0036445966735133826,0.007195841535939955,-0.019055643806584418
2026-06-03,-0.021664989935632043,-0.0024297311156755885,0.004797227690626638,0.028836644106621383
2026-06-04,-0.014443326623754697,-0.001619820743783726,0.003198151793751092,0.019224429404414257
2026-06-05,-0.009628884415836465,-0.002334185739347944,0.0021321011958340616,0.012816286269609506
2026-06-06,-0.00641925627722431,-0.0015561238262319628,0.001421400797222708,0.00854419084640634
2026-06-07,-0.1817882321426212,-0.001037415884154642,0.0009476005314818054,0.00569612723093756
2026-06-08,-0.12119215476174747,-0.000691610589436428,0.000631733687654537,0.003797418153958374
2026-06-09,-0.08079476984116499,-0.19327114722120214,0.0004211557917696914,-0.00461814633563038
2026-06-10,-0.06996663134477579,-0.149443329711672,-0.2191864372615746,-0.003078764223753587
2026-06-11,-0.044965352258298424,-0.1604644677472885,-0.14612429150771641,-0.002052509482502392
2026-06-12,-0.0024035419962231547,-0.10948941005155616,-0.09741619433847762,-0.0013683396550015947
2026-06-14,0.004437665413391309,-0.07299294003437078,-0.06494412955898508,-0.0009122264366677299
2026-06-15,0.0029584436089275397,-0.20492217476891222,-0.04329608637265673,-0.031387907563403636
2026-06-16,0.022014283039204156,-0.13661478317927483,-0.028864057581771158,-0.02092527170893576
2026-06-17,0.0347181759927219,-0.09107652211951657,0.0001909671749348446,-0.013950181139290509
2026-06-18,0.023145450661814605,-0.16168343212715416,0.0001273114499565631,-0.009300120759527008
2026-06-19,0.01972895762008852,-0.4121973361340604,8.487429997104208e-05,-0.006200080506351339
2026-06-21,0.01315263841339235,-0.27479822408937365,5.658286664736139e-05,-0.004133387004234226
2026-06-22,0.03249629708653215,-0.18319881605958246,0.023765593388702152,-0.002755591336156151
2026-06-23,0.03841764312668326,-0.12213254403972165,0.015843728925801437,-0.029742759342501708
2026-06-24,0.020111827927719775,0.07431293737952219,0.010562485950534292,-0.3164246757000752
2026-06-25,0.08093819610138153,-0.24043328257359195,0.030769528777960107,-0.23955221501787954
2026-06-26,0.051995302434493545,-0.16028885504906132,0.08740389220023365,-0.1597014766785864
2026-06-29,0.03466353495632903,-0.10685923669937422,0.05826926146682244,-0.10646765111905761
2026-06-30,0.03340360599898826,-0.07123949113291615,0.03884617431121496,-0.07097843407937175
2026-07-01,0.022269070665992177,-0.047492994088610775,0.025897449540809976,-0.04731895605291451
2026-07-02,0.014846047110661453,-0.031661996059073855,0.017264966360539986,-0.03154597070194301
2026-07-03,0.00989736474044097,-0.021107997372715907,0.011509977573693325,-0.021030647134628676
2026-07-06,-0.0023843953577215625,-0.3144651872416133,0.007673318382462217,-0.012411081178881582
2026-07-07,-0.0015895969051477085,-0.20964345816107557,0.005115545588308145,-0.008274054119254389
2026-07-08,-0.0010597312700984724,-0.13976230544071708,0.003410363725538764,-0.005516036079502926
2026-07-09,0.022280860824569208,-0.0931748702938114,0.002273575817025843,-0.0036773573863352845
2026-07-10,0.014853907216379473,-0.16316820671589866,0.0015157172113505622,-0.00245157159089019
2026-07-11,0.00990260481091965,-0.10877880447726579,0.001010478140900375,-0.0016343810605934602
2026-07-13,0.006601736540613101,-0.07251920298484386,0.0006736520939335833,-0.01519899523575646
2026-07-14,0.004401157693742067,-0.04834613532322925,0.00044910139595572224,-0.010132663490504307
2026-07-15,0.0029341051291613784,-0.032230756882152836,0.0002994009306371482,-0.020864516855697023
2026-07-16,-0.018483562150849963,-0.17350953549366652,0.0001996006204247655,-0.013909677903798018
2026-07-17,0.0812202606735931,-0.11567302366244436,0.0936757025211096,-0.009273118602532012
2026-07-20,0.06160491633006641,-0.07711534910829625,0.062450468347406404,-0.006182079068354675
2026-07-22,0.008681130426385068,-0.2920311873219527,0.04163364556493761,-0.004121386045569784
2026-07-23,0.0057874202842567125,-0.19468745821463515,0.027755763709958407,-0.002747590697046523
2026-07-24,0.18071274162100778,-0.1804664796176715,0.018503842473305606,-0.001831727131364349
