,ISUS11,GOVE11,REVE11,BOVA11
2023-01-02,0.0,0.0,0.0,0.0
2023-01-03,0.0,0.0,0.0,0.0
2023-01-04,0.0,0.0,0.0,0.0
2023-01-05,0.0,0.0,0.0,0.0
2023-01-06,0.0,0.0,0.0,0.0
2023-01-08,0.0,0.0,0.0,0.0
2023-01-09,0.0,0.0,0.0,0.0
2023-01-10,0.0,-0.20632001853375545,0.0,0.0
2023-01-11,0.0,-0.16679070947283253,0.0,0.0
2023-01-12,0.0,-0.13670454598243081,0.0,0.0
2023-01-13,0.0,-0.12697174860460753,0.0,-0.04119372318757878
2023-01-15,0.0,-0.10352524583994034,0.0,-0.03358692281490555
2023-01-16,0.0,-0.08540857313765618,0.0,-0.027709290911907745
2023-01-17,0.0,-0.07111339477980129,0.0,-0.023071474809805384
2023-01-18,0.0,-0.0596457636640739,0.0,-0.019351006067821017
2023-01-19,0.0,-0.05032390278952713,0.0,-0.016326694276581604
2023-01-20,0.0,-0.19486679791111952,0.0,-0.01384173370377778
2023-01-22,0.0,-0.16227646612740465,0.0,-0.011526784729896142
2023-01-23,0.0,-0.13612506146350883,0.0,-0.00966920415066129
2023-01-24,0.0,-0.1148621628521769,0.0,-0.008158862812355302
2023-01-25,0.0,-0.09738801887100326,0.0,-0.006917643424128905
2023-01-26,0.0,-0.08290083920588487,0.0,-0.0058885934002514875
2023-01-27,0.0,-0.07080232988899662,0.0,-0.005029214860796946
2023-01-30,0.0,-0.22099929543949728,0.0,-0.004118246537535661
2023-01-31,-0.027557323439291806,-0.18293586378773583,0.0,-0.003408947463550575
2023-02-01,-0.023005768446536304,-0.15272093213766452,0.0,-0.0028459025117450677
2023-02-02,-0.019337017361320333,-0.15388173179455775,0.0,-0.034286248040551366
2023-02-03,-0.016343204108917837,-0.28488022226084253,0.0,-0.02897795142784392
2023-02-06,-0.013236925874460296,-0.23073433826289272,0.0,-0.023470244420112026
2023-02-07,-0.010864830693451528,-0.18938608134300794,0.0,-0.01926430912863593
2023-02-08,-0.009010100972005544,-0.15705607972533198,0.0,-0.015975708715788305
2023-02-09,-0.007532939001570641,-0.2788581004357925,0.0,-0.01335656943654723
2023-02-10,-0.006339131692506309,-0.3772956079625684,0.0,-0.011239843121087788
2023-02-12,-0.005242793521402657,-0.4849908929669112,0.0,-0.009295938238115824
2023-02-13,-0.004373861524897495,-0.5454869035044334,0.0,-0.15691976807663016
2023-02-14,-0.0036743301324269595,-0.45824472379417386,0.0,-0.13182288212266272
2023-02-15,-0.0031040625959626996,-0.3871237084478362,0.0,-0.11136355823821485
2023-02-16,-0.0026343979647494593,-0.3285494019894107,0.0,-0.0945135357616791
2023-02-17,-0.0022443224895938637,-0.27990107102044315,0.0,-0.08051891047567811
2023-02-18,-0.0019180803483071047,-0.23921372542658817,0.0,-0.06881441529307372
2023-02-22,-0.0015306777256704357,-0.1908987397260462,0.0,-0.054915683165780535
2023-02-23,-0.0012424257979368205,-0.15494935024639678,0.0,-0.04457415191470589
2023-02-24,-0.0010214638631206765,-0.12739204397844592,0.0,-0.036646764326475054
2023-02-25,-0.0008481856624406395,-0.10578162293614086,0.0,-0.030430112311163604
2023-02-27,-0.0006930541317056225,-0.08643436700340293,0.0,-0.024864503138184127
2023-02-28,-0.0005727271732857215,-0.07142776938183859,0.0,-0.020547567565090123
2023-03-01,-0.0004774973923491463,-0.05955117063064349,0.0,-0.017131036188069475
2023-03-02,-0.0004009217552768508,-0.050001026687431956,0.0,-0.01438375414877665
2023-03-03,-0.00033855479435257945,-0.042222920270046,0.0,-0.01214623268446594
2023-03-05,-0.00028089743695398943,-0.03503217287839363,0.0,-0.010077676307132947
2023-03-06,-0.00023493708548570795,-0.02930021962297001,0.0,-0.00842877003699396
2023-03-07,-0.00019776686819096984,-0.02466452948525611,0.0,-0.007095224874659416
2023-03-08,-0.00016735232650424308,-0.02087137461015112,0.0,-0.006004051137111789
2023-03-09,-0.00014222679964719063,-0.017737840142689393,0.0,-0.005102629858735992
2023-03-10,-0.00012130627017597519,-0.01512873265815512,0.0,-0.06193887724455085
2023-03-13,-9.91914475849436e-05,-0.012370678698727489,0.0,-0.050647067845384204
2023-03-14,-8.201610691735455e-05,-0.010228653089533909,0.0,-0.04187735366902804
2023-03-15,-6.840940309138831e-05,-0.00853169064692384,0.0,-0.03492978239545015
2023-03-16,-5.745925969604361e-05,-0.0071660416021027224,0.0,-0.02933864859345802
2023-03-17,-4.853512429927065e-05,-0.13030298470458185,0.0,-0.02478199273343848
2023-03-20,-3.92866667947891e-05,-0.10547351050118428,0.0,-0.02005973828409692
2023-03-21,-3.223160142344027e-05,-0.24815388478597694,0.0,-0.01645742797190663
2023-03-22,-2.671978423558865e-05,-0.2057179279302686,0.0,-0.013643098855221279
2023-03-23,-2.2332833578812146e-05,-0.3361260265514791,0.0,-0.04423984779090407
2023-03-24,-1.87892323824971e-05,-0.2827921499702971,0.0,-0.03722021111992766
2023-03-25,-1.5892551593204817e-05,-0.23919491451619201,0.0,-0.031482080453933484
2023-03-27,-1.3206104309026318e-05,-0.19876185222768683,0.0,-0.02616040828318399
2023-03-28,-1.1058778882737923e-05,-0.1664429814178472,0.0,-0.1682475772076687
2023-03-29,-9.318309885970379e-06,-0.1402476074114543,0.0,-0.1417681896535609
2023-03-30,-7.89161527475598e-06,-0.11877477508690476,0.0,-0.12006254617363346
2023-03-31,-6.711280363191494e-06,-0.10100984246319314,0.0,-0.10210500391059597
2023-04-02,-5.6050813506272485e-06,-0.08436071115810208,0.0,-0.08527536062475682
2023-04-03,-4.712780863561636e-06,-0.10276989869754778,0.0,-0.07169995626213305
2023-04-04,-3.984202014000945e-06,-0.0868820446406245,0.0,-0.06061540275553576
2023-04-05,-3.3833679538727736e-06,-0.07377987475811838,0.0,-0.18719805438794906
2023-04-06,-2.883810041350013e-06,-0.06288619700185556,0.0,-0.1595580605849332
2023-04-07,-2.465624060784501e-06,-0.05376696737848347,0.0,-0.1364202869222805
2023-04-10,-2.021340457456628e-06,-0.22426977354723432,0.0,-0.11183856028972619
2023-04-11,-1.6747018540180968e-06,-0.18580986897791363,0.0,-0.09265942487669125
2023-04-12,-1.3990946566273073e-06,-0.15523097094081909,0.0,-0.07741037959687912
2023-04-13,-1.1766567309955935e-06,-0.2895383028799021,0.0,-0.06510313206482014
2023-04-14,-9.949507151221286e-07,-0.24482615355615125,0.0,-0.05504953662210068
2023-04-15,-8.450487619799817e-07,-0.2079399861907241,0.0,-0.0467556252415655
2023-04-16,-7.203761525255671e-07,-0.17726196871446556,0.0,-0.0398576258978581
2023-04-17,-6.159846458354372e-07,-0.1515744942914349,0.0,-0.03408175782396142
2023-04-18,-5.280800470626401e-07,-0.12994393061592768,0.0,-0.029218092362099657
2023-04-19,-4.537058798668162e-07,-0.1116427816225722,0.0,-0.025103050904712303
2023-04-20,-3.9052606088117895e-07,-0.09609621049142951,0.0,-0.021607380510022846
2023-04-21,-3.366721592037354e-07,-0.08284445500114752,0.0,-0.01862770293647436
2023-04-24,-2.78467287741815e-07,-0.06852206236232923,0.08644146816235261,-0.01540729095583234
2023-04-25,-2.32328992974898e-07,-0.057168875648917365,0.07211927624350335,-0.012854509487515185
2023-04-26,-0.03197870275879899,-0.048027999033243264,0.060587942134327735,-0.010799169342258828
2023-04-27,-0.027016608358265675,-0.04057555585975957,0.05118658865628956,-0.009123476049512951
2023-04-28,-0.022929590960093137,-0.034437368544007085,0.043443185945736075,-0.007743295204763735
2023-04-29,-0.019534949232330536,-0.029339042609746686,0.03701158182096078,-0.006596928788623871
2023-05-01,-0.016342474601031345,-0.02454434628756699,0.030963010379980626,-0.005518833957063539
2023-05-02,-0.01375948155246352,-0.020665014828277088,0.0260691835559098,-0.004646560320707661
2023-05-03,-0.011645218338935153,-0.017489656767593332,0.02206342828171413,-0.003932576184164822
2023-05-04,-0.00989812565485997,-0.014865742771624203,0.018753326829367728,-0.0033425850924605764
2023-05-05,-0.008443084022202367,-0.012680452809936193,0.015996555270889175,-0.0028512192884870956
2023-05-06,-0.007223345249618856,-0.010848558219580074,0.013685596545337008,-0.0024393149764892013
2023-05-08,-0.006066856440439102,-0.009111657138001368,0.01149447336006956,-0.0020487701008274446
2023-05-09,-0.005124416869382897,-0.1630385538726579,0.00970889516989289,-0.06254702873885823
2023-05-10,-0.004348469565411119,-0.13835099828427322,0.008238758913681121,-0.05307605876150606
2023-05-11,-0.0037041739844283,-0.11785207665719008,0.007018054506988165,-0.04521198851756733
2023-05-12,-0.003165424702649234,-0.10071121828440713,0.005997321722561528,-0.038636183373413936
2023-05-15,-0.002593650261586694,-0.2631508239679368,0.004914018343738482,-0.03165728346951326
2023-05-16,-0.002147966973587601,-0.37258463581882423,0.004069611568792114,-0.026217412722568147
2023-05-17,-0.0017938770223891556,-0.3111644756689561,0.003398740657130278,-0.021895501582575912
2023-05-18,-0.0015082687763696674,-0.26162309740824224,0.002857617522354142,-0.018409456706217703
2023-05-19,-0.0012750737065392861,-0.2211732668308288,0.0024157981807923236,-0.015563150656921331
2023-05-20,-0.0010827718115131964,-0.1878167336966645,0.0020514564444798194,-0.013215973902704186
2023-05-22,-0.0009030599115645281,-0.1566440510539475,0.0017109681427164194,-0.011022466688651596
2023-05-23,-0.0007584570502818207,-0.13156135421927934,0.0014369986243798999,-0.009257489413986627
2023-05-24,-0.0006406234484654539,-0.11112203175304829,0.001213747059043496,-0.007819249343541498
2023-05-25,-0.0005436100655483998,-0.094294167829549,0.0010299421913236334,-0.006635134349770985
2023-05-26,-0.0004630590225930768,-0.08032184824857874,0.0008773274349888414,-0.005651953526061319
2023-05-27,-0.00039570530785004406,-0.06863872667959882,0.0007497167872973856,-0.004829855160709429
2023-05-29,-0.00033198773303244914,-0.057586327038173846,-0.0025914606131825584,-0.004052138381440769
2023-05-30,-0.00028016631640146865,-0.1890823601097404,-0.002186948196739197,-0.0034196223863678294
2023-05-31,-0.00023756893568905807,-0.1603336747465291,-0.0018544376146986108,-0.002899692087266289
2023-06-01,-0.00020224626832370774,-0.1766392877546994,-0.0015787126642803156,-0.0024685546628241293
2023-06-02,-0.00017274299029635396,-0.15087150444588987,-0.0013484132424634596,-0.002108446883597018
2023-06-05,-0.00014146394333277204,-0.12355278740311298,-0.001104252358916334,-0.0017266646244205018
2023-06-06,-0.00011710611100075228,-0.10227897014043864,-0.0009141177339578743,-0.0014293605452013185
2023-06-07,-9.776868555835333e-05,-0.08538991164029448,-0.0007631718663603113,-0.14980797714083133
2023-06-08,-8.218055113619995e-05,-0.0717754356621935,-0.0006414925620709045,-0.1259227538523544
2023-06-09,-6.945927670601273e-05,-0.06066483830331539,-0.0005421916591905732,-0.16703322322677294
2023-06-10,-5.897301068132348e-05,-0.05150626852024918,-0.0004603369920493614,-0.14181621987197668
2023-06-12,-4.917671044173612e-05,-0.0429503059737251,-0.0003838681237754841,-0.11825842194613335
2023-06-13,-4.129664907666091e-05,-0.19630766254780296,-0.00032235721049406473,-0.09930872780226477
2023-06-14,-3.487695059788151e-05,-0.305698926228412,-0.0002722457331683687,-0.08387086291356069
2023-06-15,-2.9592627704526097e-05,-0.25938146421838504,-0.00023099687580733195,-0.07116330926044623
2023-06-16,-2.5205741940080666e-05,-0.3543483716225022,-0.00019675331635635545,-0.09026238522581453
2023-06-17,-2.1538105391819423e-05,-0.3027878564958689,-0.00016812413909287255,-0.07712848804578282
2023-06-18,-1.8453670744124072e-05,-0.2594261337032973,-0.0001440473732725618,-0.06608305129426952
2023-06-19,-1.5846819829929737e-05,-0.22277839769523602,-0.00012369857481887538,-0.18388601799063187
2023-06-20,-1.3634365308894586e-05,-0.33129022948987974,-0.00010642839228125772,-0.15821276264824885
2023-06-21,-1.1749958877855334e-05,-0.4098916403120616,-9.171891792610488e-05,-0.13634616741976743
2023-06-22,-1.0140099738004381e-05,-0.35373248176823907,-7.915253025994395e-05,-0.14506736425382255
2023-06-23,-8.76123172441004e-06,-0.3056313370968988,-6.838923453402103e-05,-0.12534085726135766
2023-06-26,-7.264042066935279e-06,-0.2534025990272557,-5.6702332754939624e-05,-0.10392160468892765
2023-06-27,-6.072096746437369e-06,-0.293866381509234,-4.739813550968876e-05,-0.08686927084143636
2023-06-28,-5.109093348932261e-06,-0.24726068077299931,-3.988103434393108e-05,-0.07309225007703946
2023-06-29,-4.321764394559115e-06,-0.2091569547388522,-3.373522902685091e-05,-0.06182848155772618
2023-06-30,-3.6717900368736357e-06,-0.17770066862501724,-2.8661598949814552e-05,-0.052529749855057505
2023-07-03,-2.990161480906379e-06,-0.14471243974131456,-2.334087959830467e-05,-0.042778163522656246
2023-07-04,-2.464601144217905e-06,-0.11927731891620051,-1.9238412016329218e-05,-0.03525933680796427
2023-07-05,-2.05058941119519e-06,-0.09924072612687526,-1.6006680862518928e-05,-0.029336358491028842
2023-07-06,-1.718905757525222e-06,-0.0831884991647565,-1.341759386020432e-05,-0.0245911908253063
2023-07-07,-1.4495718122684104e-06,-0.07015376088317966,-1.1315201990026775e-05,-0.02073801713352776
2023-07-09,-1.2012170402564536e-06,-0.05813433477233495,-9.37657129459077e-06,-0.017184977902502986
2023-07-10,-1.0036855103152553e-06,-0.10119626592879519,-7.834661372110974e-06,-0.014359031497045422
2023-07-11,-8.442169696516655e-07,-0.0851179020564297,-6.589867058789158e-06,-0.012077625842940554
2023-07-12,-7.139203557592959e-07,-0.07506759218735821,-5.572785674941376e-06,-0.01021356268410184
2023-07-13,-6.064097673457886e-07,-0.06376302446948642,-4.73356956045183e-06,-0.008675483365998953
2023-07-14,-5.169801555055425e-07,-0.11334920171667086,-4.03549160853681e-06,-0.007396076021780842
2023-07-17,-4.22532128015622e-07,-0.09264123371115252,-3.298240442666205e-06,-0.006044873690349747
2023-07-18,-3.492411623989351e-07,-0.07657200483026491,-2.726139031078214e-06,-0.0049963507487279955
2023-07-19,-2.9121649315055605e-07,-0.06384994989423727,-2.2732046904728574e-06,-0.0041662321062047826
2023-07-20,-2.445449693282803e-07,-0.05361710069912184,-1.9088917845775743e-06,-0.11888862433614111
2023-07-21,-2.0652478700910873e-07,-0.04528107992713269,-1.6121103219428608e-06,-0.10040463267868995
2023-07-24,-1.671381390198218e-07,-0.03664545811392108,-1.3046623749443292e-06,-0.08125631648342956
2023-07-25,-1.3710299153440087e-07,-0.030060176348926066,-1.070211237221148e-06,-0.0666543503252901
2023-07-26,-1.1364411736733563e-07,-0.024916759079053375,-8.870937832168659e-07,-0.05524952246946518
2023-07-27,-9.497673333491217e-08,-0.020823888094199793,-0.0032859768069745704,-0.04617413803745095
2023-07-28,-7.990052488683066e-08,-0.1163314314978713,-0.0027643746254927227,-0.03884464895607388
2023-07-31,-6.440482181899192e-08,-0.0937704117486162,-0.0022282588937678686,-0.03131121726898163
2023-08-01,-5.267100602428421e-08,-0.07668652412379705,-0.001822295820445906,-0.02560667457534807
2023-08-02,-4.355568912819656e-08,-0.219170288986213,-0.0015069267941903227,-0.021175148181079614
2023-08-03,-3.633288217201368e-08,-0.18282544587699373,-0.0012570342646633333,-0.017663689387938997
2023-08-04,-3.0519323947714404e-08,-0.15357187965955563,-0.0010558985041431135,-0.014837354658242841
2023-08-07,-2.4562301558424465e-08,-0.12359640814961662,-0.00084979921305874,-0.011941273013432775
2023-08-08,-2.0063752302622482e-08,-0.12843218700309716,-0.0006941597422056787,-0.009754246496388742
2023-08-09,-1.6576374691231334e-08,-0.23125544336852655,-0.0005735044875362558,-0.008058813840800663
2023-08-10,-1.3817551285701893e-08,-0.1927673576619053,-0.0004780555348633804,-0.006717577010737554
2023-08-11,-1.1599894278323412e-08,-0.1618290334484741,-0.00040132969647963744,-0.005639435057620135
2023-08-13,-9.572644656560339e-09,-0.13354706475314215,-0.00033119151626268575,-0.004653862059003958
2023-08-14,-7.97221006431942e-09,-0.26168906050277085,-0.00027582015565125135,-0.06933002661414336
2023-08-15,-6.687820919409309e-09,-0.21952878299631287,-0.00023138324154490847,-0.1951024324444528
2023-08-16,-5.643421989890696e-09,-0.18524622239507543,-0.000195249437621314,-0.16463439598730117
2023-08-17,-4.785052137631294e-09,-0.1570700957765602,-0.00016555181245258465,-0.13959334776982193
2023-08-18,-4.073362015384267e-09,-0.1337087545728866,-0.00014092896901144274,-0.11883135732924227
2023-08-21,-3.3240118257111447e-09,-0.10911121567952667,-0.00011500317374445865,-0.09697071744074907
2023-08-22,-2.7441266979362963e-09,-0.09007639433605723,-9.494048034924157e-05,-0.08005384715809984
2023-08-23,-2.286021060111137e-09,-0.07503900407585432,-7.909107757256775e-05,-0.06668962503952969
2023-08-24,-1.9181823953802046e-09,-0.06296464153229168,-6.63647047171009e-05,-0.055958742873135923
2023-08-25,-1.6189453614589426e-09,-0.1935424106528612,-5.601179070619453e-05,-0.04722916205764693
2023-08-28,-1.3093472641504408e-09,-0.15653043760354954,-4.530040770198211e-05,-0.03819732005814582
2023-08-29,-1.0735252456582854e-09,-0.2904341755134231,-3.7141507557389464e-05,-0.03131773252340005
2023-08-30,-8.894985771262269e-10,-0.24064714538651039,-3.077460754484861e-05,-0.025949160144158653
2023-08-31,-7.431605632536568e-10,-0.20105649712067494,-2.5711648410758983e-05,-0.02168007118234623
2023-09-01,-6.250399542674938e-10,-0.16909985537350944,-2.162494666891704e-05,-0.018234162804605766
2023-09-02,-5.285400424413929e-10,-0.14299253051861457,-1.8286271384966224e-05,-0.015418990605047167
2023-09-04,-4.3908929319438197e-10,-0.11879230354520706,-1.5191480933965e-05,-0.012809462184299314
2023-09-05,-3.6762113940647287e-10,-0.09945713243040961,-1.2718846978907334e-05,-0.010724536344573503
2023-09-06,-3.097146244793199e-10,-0.08379096064009406,-1.0715414576653851e-05,-0.15080038452254466
2023-09-07,-2.622612522255212e-10,-0.07095280792631005,-9.073636899495155e-06,-0.1276952864187833
2023-09-08,-2.2301136886273537e-10,-0.060334047389869624,-7.71568109413201e-06,-0.16717616340976213
2023-09-11,-1.817768593459578e-10,-0.04917836118440729,-6.289061782628517e-06,-0.13626551012669502
2023-09-12,-1.4993231280438078e-10,-0.040563058789976486,-5.1873136208418255e-06,-0.11239386114533217
2023-09-13,-1.2481518876124388e-10,-0.033767809919733445,-4.318318824267655e-06,-0.0935652944456532
2023-09-14,-1.0467266242674537e-10,-0.0283184010191256,-3.6214336815070456e-06,-0.07846583879389143
2023-09-15,-8.830337405444295e-11,-0.023889813250576347,-3.055093904917866e-06,-0.06619491807005197
2023-09-17,-7.31986845169436e-11,-0.01980335317900179,-2.5325063431646794e-06,-0.05487197942682541
2023-09-18,-6.117784778156492e-11,-0.18077323860465366,-2.11661300459728e-06,-0.0984118417934302
2023-09-19,-5.146870923381297e-11,-0.1520838929839126,-1.7806991132328127e-06,-0.08279353808775809
2023-09-20,-4.3532608153802626e-11,-0.12863366146792804,-1.506128245494472e-06,-0.0989385138960866
2023-09-21,-3.698227310874025e-11,-0.21084519729148107,-1.2795016993898835e-06,-0.08405127321916163
2023-09-22,-3.153212755787794e-11,-0.17977255309354317,-1.0909391825930872e-06,-0.10224413894826126
2023-09-24,-2.63986841631182e-11,-0.15050550717210234,-9.133338329163918e-07,-0.08559875088259876
2023-09-25,-2.2239674507227466e-11,-0.12679395193981427,-7.694416522804353e-07,-0.07211300177278925
2023-09-26,-1.8831654568523784e-11,-0.10736397709114938,-6.515319907973665e-07,-0.19897886017530114
2023-09-27,-0.02694231133446299,-0.22600534648797357,-5.54011003408521e-07,-0.16919580241622723
2023-09-28,-0.022989563809311473,-0.19284775793102454,-4.7273120541922996e-07,-0.1443728285828244
2023-09-29,-0.019673964061535522,-0.1650348780147782,-4.045529886224859e-07,-0.12355109755715649
2023-09-30,-0.016877852181520072,-0.14157971760121352,-3.4705692864977074e-07,-0.10599171346008346
2023-10-01,-0.014509149152766826,-0.1217098726538086,-2.983496174823807e-07,-0.09111642660512806
2023-10-02,-0.012494823988548289,-0.22976096318087263,-2.5692932909040903e-07,-0.07846660758046244
2023-10-03,-0.01077627369893734,-0.1981594159980015,-2.2159101833688795e-07,-0.06767423376985225
2023-10-04,-0.009305991341770513,-0.17112314155026975,-1.9135780657283588e-07,-0.05844096494925714
2023-10-05,-0.008045120290140683,-0.14793762508882433,-1.6543069037962816e-07,-0.05052278426031911
2023-10-06,-0.006961630123795726,-0.12801387550703092,-1.4315103267735035e-07,-0.043718542937848305
2023-10-07,-0.006028936252565525,-0.11086304229776328,-1.239721782331787e-07,-0.03786129164294426
2023-10-08,-0.005224841388858351,-0.0960769508295298,-1.0743768730744206e-07,-0.03281163298542308
2023-10-09,-0.004530713913381224,-0.21616439032276627,-9.316444050212408e-08,-0.02845256171887306
2023-10-10,-0.0039308429792888604,-0.1875440145454636,-8.082937785710837e-08,-0.024685414840494357
2023-10-11,-0.0034119271403610218,-0.16278607835810655,-7.015898358246228e-08,-0.0214266602123575
2023-10-13,-0.002905770896180723,-0.13863691378425205,-5.975096308122472e-08,-0.018248034933370225
2023-10-16,-0.0023723383824819726,-0.11318637413276982,-4.8782064440856264e-08,-0.16175966427845762
2023-10-17,-0.0019591942334956113,-0.09347489934348964,-4.028663872585772e-08,-0.13358912194261918
2023-10-18,-0.0016325985899728222,-0.14457231520622624,-3.357089789981109e-08,-0.11131995408647982
2023-10-19,-0.0013702195938057403,-0.12133773741696569,-2.8175635068225112e-08,-0.0934294462874608
2023-10-20,-0.0011566839587575895,-0.10242841008595478,-2.3784731482860553e-08,-0.07886935954269449
2023-10-23,-0.0009356695116650183,-0.0828568077910337,-1.9240042124865073e-08,-0.06379932441348167
2023-10-24,-0.0007672638505392647,-0.06794389749433262,-1.5777139920902635e-08,-0.052316458643804485
2023-10-25,-0.0006358114423411184,-0.05630332698951779,-1.3074102320963436e-08,-0.04335327802178861
2023-10-26,-0.000531258612381852,-0.04704480821986378,-1.0924197009727516e-08,-0.03622426523067084
2023-10-27,-0.00044685188755318574,-0.03957029752115108,-9.188553258296998e-09,-0.030468929663050582
2023-10-30,-0.00036012683897043767,-0.0318904911456053,-7.405238137722223e-09,-0.02455551745892761
2023-10-31,-0.0002944764228679128,-0.026076917185363098,-6.055277755792294e-09,-0.18414732882680757
2023-11-01,-0.00024348858472035353,-0.025890451733864974,-5.006821926480143e-09,-0.1522626906405505
2023-11-02,-0.00020309430921339286,-0.021595276904463674,-4.176200053406254e-09,-0.12700261086215184
2023-11-03,-0.00017058623760994682,-0.018138652193384595,-3.507741095140706e-09,-0.10667407490404451
2023-11-04,-0.00014409262377623722,-0.015321552447188656,-2.9629565960782056e-09,-0.09010660858218236
2023-11-06,-0.00011958571594783888,-0.08074668671629479,-2.4590244564817007e-09,-0.07478150523280969
2023-11-07,-0.00010004094622848971,-0.06754966410400567,-2.0571280731615896e-09,-0.12654512931633882
2023-11-08,-8.422797108089357e-05,-0.1635663195540998,-1.7319680629590587e-09,-0.10654276967893322
2023-11-09,-7.128484942417248e-05,-0.13843145347858218,-1.4658204512244125e-09,-0.09017058343365322
2023-11-10,-6.0589686631953334e-05,-0.25269275371664235,-1.245897305189217e-09,-0.07664191532700111
2023-11-13,-4.936388229462805e-05,-0.20587489463256903,-1.0150626508129217e-09,-0.062442021032696714
2023-11-14,-4.0701535694589926e-05,-0.18378643815658294,-8.369400216077251e-10,-0.05148472992330292
2023-11-16,-3.304912581921247e-05,-0.14923223448075398,-6.795845809062363e-10,-0.041804941458992155
2023-11-17,-2.717922797284858e-05,-0.12272690491232661,-5.588826873159181e-10,-0.1542675321728874
2023-11-18,-2.2573700963777144e-05,-0.10193080003848302,-4.6417987552497225e-10,-0.12812686008482124
2023-11-20,-1.8448731595094347e-05,-0.0833046372945552,-3.7935870370330386e-10,-0.10471380194236239
2023-11-21,-1.5248075617866615e-05,-0.06885218109650931,-3.135440596849472e-10,-0.08654708655829867
2023-11-22,-1.2714286451429912e-05,-0.0574109399248393,-2.614421052127765e-10,-0.0721654638667686
2023-11-23,-1.0676375208921883e-05,-0.048208819116665684,-2.195368195710358e-10,-0.06059841205487908
2023-11-24,-9.0163004451477e-06,-0.1728797190386565,-1.8540093292810794e-10,-0.19111737242779625
2023-11-25,-7.649933149538969e-06,-0.1466808145538829,-1.5730451213229842e-10,-0.16215465885179176
2023-11-26,-6.515691487811103e-06,-0.12493271720570938,-1.3398125848412997e-10,-0.13811228277899484
2023-11-27,-5.567466180644046e-06,-0.25228081902601374,-1.1448303328141664e-10,-0.11801287168707228
2023-11-28,-4.770057997759658e-06,-0.2161475435019499,-9.808603964409436e-11,-0.10111031197398018
2023-11-29,-4.096144215498612e-06,-0.18561021908445915,-8.422844420298981e-11,-0.15746544612304053
2023-11-30,-3.524207305168445e-06,-0.15969381340049846,-7.246778500620152e-11,-0.1634044658564312
2023-12-01,-3.037087111087806e-06,-0.13762074146087544,-6.245120015744853e-11,-0.14081850304859822
2023-12-04,-2.5110182924346597e-06,-0.11378277493756364,-5.1633720154863807e-11,-0.11642663648908193
2023-12-05,-2.0943098921376576e-06,-0.09490030073638467,-4.306500323554003e-11,-0.09710540828875477
2023-12-06,-1.7589949085436115e-06,-0.07970603893971678,-3.616996783146073e-11,-0.0815580919582178
2023-12-07,-1.4857437949114823e-06,-0.06732410207469403,-3.0551143159496146e-11,-0.06888844786484942
2023-12-08,-1.2607667956889938e-06,-0.05712962943951431,-2.5924972392786268e-11,-0.05845709601616004
2023-12-10,-1.0508098170843834e-06,-0.04761576499849655,-2.160765622249267e-11,-0.048722167003498934
2023-12-11,-8.820742305052763e-07,-0.03996978196064581,-1.8137969807287425e-11,-0.07301386419938742
2023-12-12,-7.447094415713218e-07,-0.033745316407882496,-1.5313356744006722e-11,-0.1247138276447854
2023-12-13,-6.317060840108435e-07,-0.02862475012637361,-1.2989684408198923e-11,-0.24235694542437974
2023-12-14,-5.379402672371186e-07,-0.024375902215171392,-1.1061590949870313e-11,-0.20638325843023653
2023-12-15,-4.595798931923323e-07,-0.020825127284210498,-9.450277469260042e-12,-0.1763199404149548
2023-12-17,-3.854859085068628e-07,-0.017467676958542098,-7.926693160083669e-12,-0.14789344230577572
2023-12-18,-3.252511970688213e-07,-0.01473823741776579,-6.6880951604708324e-12,-0.12478411814040628
2023-12-19,-2.7575539713312976e-07,-0.1646725636386725,-5.670319905539223e-12,-0.18188340136698536
2023-12-20,-2.347242705745776e-07,-0.19574511945923162,-4.826602552803844e-12,-0.20243451187022607
2023-12-21,-2.0046123611113294e-07,-0.16717192693139787,-4.122056537160673e-12,-0.19624028602775162
2023-12-22,-1.7167522723292412e-07,-0.14316622554897865,-3.530133837405376e-12,-0.19678017674120937
2023-12-23,-1.4736680756565904e-07,-0.12289454891329761,-3.0302831822794884e-12,-0.16891701211621715
2023-12-25,-1.241677697216777e-07,-0.1035480261911552,-2.553244591398973e-12,-0.1438996975727508
2023-12-26,-1.0515274436740229e-07,-0.08769070389388404,-2.1622412678316498e-12,-0.1218629290622771
2023-12-27,-8.942233473340293e-08,-0.07457254229341363,-1.8387790408098883e-12,-0.13355190723251573
2023-12-28,-7.63093083042745e-08,-0.0636371118900789,-1.5691377008543493e-12,-0.18728840986007203
2023-12-29,-6.530832563542254e-08,-0.05446299171319169,-1.3429260232001571e-12,-0.2323698666302127
2023-12-30,-5.602979884694728e-08,-0.17459067383801327,-1.152132966419586e-12,-0.1993564642594523
2023-12-31,-4.816872888362228e-08,-0.15009532439487575,-9.904868773301373e-13,-0.17138643499938763
2024-01-02,-4.064428972443029e-08,-0.12664892747588985,-8.357628806796317e-13,-0.14461415279988424
2024-01-03,-3.4460719600919954e-08,-0.10738072204225395,-7.086109876499168e-13,-0.12261274102093461
2024-01-04,-2.9334226353461918e-08,-0.24016978605469239,-6.03195619505228e-13,-0.10437245480011634
2024-01-05,-2.5053053923999363e-08,-0.20511829861957467,-5.151624658545402e-13,-0.20326854733714564
2024-01-08,-2.05149319954603e-08,-0.16796307388194645,-4.2184569536632435e-13,-0.16644838741367537
2024-01-09,-1.6981494623787865e-08,-0.13903356037213907,-3.491881137854368e-13,-0.13777975947612045
2024-01-10,-1.4176660110808131e-08,-0.11606937864175368,-2.915126915233874e-13,-0.11502266811695784
2024-01-11,-1.191585756672906e-08,-0.09755938090802121,-2.4502412302586396e-13,-0.0966795930433496
2024-01-12,-1.0070983989832204e-08,-0.08245474215183388,-2.0708824407285406e-13,-0.0817111675119107
2024-01-14,-8.362570154609699e-09,-0.06846734802886453,-1.7195836782211307e-13,-0.06784991133173303
2024-01-15,-6.99877483680171e-09,-0.05730146876708947,-1.4391483424835531e-13,-0.056784725667861795
2024-01-16,-5.89453165924879e-09,-0.04826063556052564,-1.212084352609538e-13,-0.04782542245121409
2024-01-17,-4.990131390185737e-09,-0.040855987607263854,-1.0261137822577475e-13,-0.04048754941340187
2024-01-18,-4.242424328989474e-09,-0.03473424290006464,-8.723638184604285e-14,-0.03442101043479466
2024-01-19,-3.6194525320472483e-09,-0.09571325745581542,-7.442629936890591e-14,-0.029366513981763327
2024-01-20,-3.0970466818031543e-09,-0.08189869152405688,-6.368414047662092e-14,-0.02512796172295783
2024-01-21,-2.65659654512799e-09,-0.07025137277770654,-5.462722553188491e-14,-0.021554359090400377
2024-01-22,-2.2835481543421666e-09,-0.060386434267084566,-4.695628332007755e-14,-0.01852762212206398
2024-01-23,-1.966365258981426e-09,-0.05199880993565785,-4.043409552626159e-14,-0.01595415117613647
2024-01-24,-1.6957956032718516e-09,-0.16868282323838968,-3.487040930087757e-14,-0.013758877855908165
2024-01-25,-1.4643422447629978e-09,-0.14565987997450044,-3.011106605827532e-14,-0.01188097554096005
2024-01-26,-1.2658758044832404e-09,-0.12591818504389038,-2.6030028230549644e-14,-0.010270713369600757
2024-01-28,-1.0738348029320665e-09,-0.10681563621272269,-2.2081115806363823e-14,-0.008712584147794245
2024-01-29,-9.144744014050182e-10,-0.09096386587547141,-1.880421001837922e-14,-0.007419609749553845
2024-01-30,-7.812879454233356e-10,-0.07771564930458306,-1.606551543487282e-14,-0.006338998279411064
2024-01-31,-6.693123572715373e-10,-0.06657730320509946,-1.3762976978571758e-14,-0.005430481688583999
2024-02-01,-5.746978372446586e-10,-0.057165883381456624,-1.1817431753205089e-14,-0.004662824535838974
2024-02-02,-4.944143841591445e-10,-0.04917999198059282,-1.0166574265558393e-14,-0.0040114428346935665
2024-02-04,-4.1746299507922837e-10,-0.04152554498410821,-8.584233546953764e-15,-0.003387095913902959
2024-02-05,-3.541468149515405e-10,-0.048877615374910664,-7.282271734951929e-15,-0.033207171458995384
2024-02-06,-3.016012714495958e-10,-0.07871858687137481,-6.201785026934355e-15,-0.02828015023839246
2024-02-07,-2.576830797761438e-10,-0.06725584346229044,-5.2987013554984185e-15,-0.024162087165401382
2024-02-08,-2.2075710483286438e-10,-0.14682230870915577,-4.539397664875697e-15,-0.020699661048707844
2024-02-09,-1.8955478900271667e-10,-0.22783655902736044,-3.8977887810967486e-15,-0.01777392345078191
2024-02-15,-1.4309052917435172e-10,-0.1719885525868787,-2.9423506640551916e-15,-0.013417124017058484
2024-02-16,-1.1165230792999345e-10,-0.1342011867917956,-2.295890890031013e-15,-0.010469266351389266
2024-02-18,-8.655840025687062e-11,-0.3287898691481736,-1.7798883542112824e-15,-0.008116293913131945
2024-02-19,-6.879703609668738e-11,-0.2613237817344777,-1.4146638915386778e-15,-0.0064508697440805686
2024-02-20,-5.5674215230618585e-11,-0.21147708236612606,-1.1448211499376087e-15,-0.0052203863848419504
2024-02-21,-4.566789372180954e-11,-0.3531982327806432,-9.39062551474955e-16,-0.004282126826973773
2024-02-22,-3.7852946655612695e-11,-0.29275696281822317,-7.783648811087874e-16,-0.003549345177629611
2024-02-23,-3.163449856856756e-11,-0.36294406532936774,-6.504957973624006e-16,-0.0029662619389348747
2024-02-24,-2.661252520131798e-11,-0.3053267325957796,-5.472296569878014e-16,-0.002495368163731547
2024-02-26,-2.2003428631798558e-11,-0.2524463544601457,-4.524534448214771e-16,-0.0020631884755532358
2024-02-27,-1.8352306400945174e-11,-0.21055686022308365,-3.7737592583761594e-16,-0.0017208348616875053
2024-02-28,-0.040023317377887536,-0.32093206656976997,-3.169605800585916e-16,-0.0014453407824965977
2024-02-29,-0.0338063648966556,-0.27108064149349276,-2.677260589407426e-16,-0.001220831282718541
2024-03-01,-0.028687605020831782,-0.3663078919622483,-2.2718856215847575e-16,-0.0010359802286571678
2024-03-04,-0.023332725026040335,-0.2979322014443928,-1.8478113617556667e-16,-0.16883822241706037
2024-03-05,-0.019213090592984504,-0.42188954779127225,-1.5215611143805845e-16,-0.1390280843423608
2024-03-06,-0.015973443114736613,-0.3507519344548627,-1.2650005364065747e-16,-0.11558563084090151
2024-03-07,-0.013381570714272093,-0.2938384530098769,-1.0597398450619412e-16,-0.0968305506546875
2024-03-08,-0.011279240492706564,-0.24767455542184025,-8.932479472987957e-17,-0.08161785273163544
2024-03-10,-0.009342509189832995,-0.20514695219173407,-7.398704870097111e-17,-0.06760344720841813
2024-03-11,-0.00780337053955633,-0.3196210362320367,-6.179799713445055e-17,-0.05646606683488333
2024-03-12,-0.0065616273861032505,-0.26876003566454654,-5.196413887412245e-17,-0.04748067372312333
2024-03-13,-0.00554757828759599,-0.22722523707820627,-4.3933480459776937e-17,-0.04014290040069698
2024-03-14,-0.004711229096178825,-0.19296891234551217,-3.731009833629565e-17,-0.03409098359109904
2024-03-15,-0.004015787143865114,-0.2973363862906297,-3.180261672198506e-17,-0.029058687410869158
2024-03-16,-0.003433577361390163,-0.280324928887309,-2.7191865728340493e-17,-0.024845751946315067
2024-03-17,-0.002943389503722087,-0.2403048967519062,-2.3309872983031672e-17,-0.021298697478963374
2024-03-18,-0.0025287033001190284,-0.20644898837985473,-2.002580788679506e-17,-0.14509655256498757
2024-03-19,-0.0021764699143353512,-0.2891271271905446,-1.7236331511813756e-17,-0.1248854625675572
2024-03-20,-0.001876256048776605,-0.37338857519089863,-1.4858818421864222e-17,-0.1076592435316061
2024-03-21,-0.0016196304322003286,-0.3223182144086478,-1.2826498024233968e-17,-0.09293411058962382
2024-03-22,-0.0013997159583765064,-0.2785536375543989,-1.10849077775197e-17,-0.10577432857880543
2024-03-24,-0.0011870413128464601,-0.3577828694799093,-9.400652612599216e-18,-0.08970284085870539
2024-03-25,-0.0010106481359813796,-0.30461668537791686,-8.003724838480642e-18,-0.07637308653453012
2024-03-26,-0.0008632886847132925,-0.26020147695247886,-6.83672669312316e-18,-0.09439874104439466
2024-03-27,-0.0007394410852996091,-0.351987124779163,-5.8559282605896036e-18,-0.08085627527015028
2024-03-28,-0.0006348264269635533,-0.30218868440369656,-5.027443143382716e-18,-0.10761595434722614
2024-03-29,-0.000546079937288797,-0.25994377489585635,-4.324624369519268e-18,-0.09257162447111111
2024-04-01,-0.0004506012252592625,-0.21449420765781674,-3.56849044732599e-18,-0.07988292312677243
2024-04-02,-0.0003752374702091622,-0.3124209611616547,-2.9716548754383163e-18,-0.06652238011504809
2024-04-03,-0.00031476442926084506,-0.26207139035010935,-2.492744795199054e-18,-0.05902486182045378
2024-04-04,-0.00026559630536554345,-0.22113424055714506,-2.103362852590326e-18,-0.049804818355866094
2024-04-05,-0.00022518968858322705,-0.18749188057271912,-1.7833667719904674e-18,-0.04222773927546018
2024-04-08,-0.0001829926397156698,-0.1523588152153628,-1.4491915470949137e-18,-0.034314917027764326
2024-04-09,-0.0001505804625277911,-0.12537258821427352,-1.192506615522804e-18,-0.028236961255229433
2024-04-10,-0.00012512287253017203,-0.10417671795248411,-9.90897827916477e-19,-0.02346313488793682
2024-04-11,-0.00010477526202733374,-0.2335943203839539,-8.29757001760244e-19,-0.019647535707537807
2024-04-12,-8.828365384986277e-05,-0.19682661463247808,-6.991533927521069e-19,-0.0165550169748521
2024-04-15,-7.12784925404885e-05,-0.1589139525954555,-5.644827520923426e-19,-0.013366196373752493
2024-04-16,-5.836462919204272e-05,-0.13012275633364634,-4.622127283690666e-19,-0.010944579034397517
2024-04-17,-4.831048562414299e-05,-0.23173756272167467,-3.825899637894741e-19,-0.009059218492827242
2024-04-18,-4.032999611425812e-05,-0.19345644911965382,-3.1938929103359353e-19,-0.007562711115272901
2024-04-19,-3.389772079290642e-05,-0.16260186783223454,-2.6844954264385605e-19,-0.006356526023375901
2024-04-20,-2.8649015927071537e-05,-0.13742468202381625,-2.26882959766083e-19,-0.005372284950870492
2024-04-22,-2.378870127555625e-05,-0.19554269352709483,-1.8839219357930298e-19,-0.004460875102612574
2024-04-23,-1.9908911514561116e-05,-0.16365089197829033,-1.576665942607962e-19,-0.003733334017131871
2024-04-24,-1.6767579544440277e-05,-0.13782920009251334,-1.327891361029624e-19,-0.0031442690903738936
2024-04-25,-1.4194804911021859e-05,-0.22715600258950963,-1.1241430978686922e-19,-0.0026618204617620297
2024-04-26,-1.2067812573181762e-05,-0.3429612757962894,-9.556981089596891e-20,-0.0022629652635142747
2024-04-28,-1.0075662287098799e-05,-0.28634534813336765,-7.979317988162912e-20,-0.0018893957479316208
2024-04-29,-8.469599824163286e-06,-0.24070184580379278,-6.707413200621186e-20,-0.001588225710477269
2024-04-30,-7.158803358737918e-06,-0.2034496573590875,-5.669341308435857e-20,-0.0013424241742993818
2024-05-02,-5.944795986796934e-06,-0.16894816716920424,-4.70792055169865e-20,-0.0011147726015149392
2024-05-03,-4.975561257185313e-06,-0.1414029946370764,-3.940344992656256e-20,-0.0009330209781779139
2024-05-05,-4.094668969290522e-06,-0.11636847068640688,-3.24273132934075e-20,-0.0007678353957606402
2024-05-06,-3.4026685249747327e-06,-0.09670215967975786,-2.6947086350692426e-20,-0.0006380709535034636
2024-05-07,-0.03251695509784783,-0.08098123852045701,-2.2566284294202423e-20,-0.0005343394216815573
2024-05-08,-0.02740013132554406,-0.17445522188657292,-1.9015284528643736e-20,-0.00045025649795416933
2024-05-09,-0.023205551351557906,-0.17951391897355284,-1.6104308273243833e-20,-0.012628218605688385
2024-05-10,-0.019735132590847207,-0.30221862205767147,-1.3695889153480845e-20,-0.010739652973284452
2024-05-11,-0.016841878817359244,-0.25791209588352154,-1.168801396986242e-20,-0.009165174497000116
2024-05-12,-0.014414430618804019,-0.2207387935858731,-1.0003400942805888e-20,-0.00784418254809381
2024-05-13,-0.012366916681158031,-0.18938370448116476,-8.582456654688354e-21,-0.006729946854613876
2024-05-14,-0.01063209712553098,-0.1628171347757518,-7.378517627383394e-21,-0.005785876176956359
2024-05-15,-0.009156615366234605,-0.1402219957710821,-6.35455518222211e-21,-0.004982934418632249
2024-05-16,-0.007897637475988888,-0.12094233998769012,-5.480843209317229e-21,-0.004297811803922906
2024-05-17,-0.00682042672695036,-0.10444621832539527,-4.733274935029977e-21,-0.003711604968447627
2024-05-18,-0.005896562062065981,-0.0902983982028884,-4.092126567527117e-21,-0.0032088474698869335
2024-05-20,-0.005002450680581048,-0.07660621202503728,-3.471626537171984e-21,-0.13919167404785845
2024-05-21,-0.004260377361884423,-0.06524229669232404,-2.9566386661840675e-21,-0.11854370886219553
2024-05-22,-0.0036401031924782716,-0.055743581448686234,-2.5261775973339924e-21,-0.10128476809073773
2024-05-23,-0.0031185543931109686,-0.04775672051653717,-2.164230470230401e-21,-0.08677283081899366
2024-05-24,-0.0026778272395570767,-0.14064109040248654,-1.8583723659477527e-21,-0.07450973134663898
2024-05-27,-0.0022054117160411036,-0.11582954417244014,-1.5305230031591222e-21,-0.06136491258417875
2024-05-28,-0.0018337927607390142,-0.2648151048791857,-1.2726249629143734e-21,-0.051024727782915315
2024-05-29,-0.0015364068353528777,-0.22187007493535146,-1.0662435438311887e-21,-0.0751840276429907
2024-05-30,-0.0012951422269354763,-0.18702943538786948,-8.988094858976138e-22,-0.06337775044404614
2024-05-31,-0.0010972228825071883,-0.2959832350632848,-7.614563979393098e-22,-0.053692572586085556
2024-06-03,-0.0008908728654902641,-0.24031893333775733,-6.182525483136226e-22,-0.04359483998912743
2024-06-04,-0.0007326071621646514,-0.197625697882404,-5.08418498830187e-22,-0.1957372726876636
2024-06-05,-0.14466884508356026,-0.16413153607933204,-4.222502947658234e-22,-0.18968041871256278
2024-06-06,-0.12109375127103243,-0.13738482113576844,-3.5344079880474015e-22,-0.1913620876082868
2024-06-07,-0.10200024718320039,-0.11572261630332661,-2.977118840923651e-22,-0.16118899639875764
2024-06-10,-0.0823252396811209,-0.0934006768296033,-2.4028571391402227e-22,-0.13009696671276927
2024-06-11,-0.06739273208151379,-0.07645925859664385,-1.9670165314485595e-22,-0.17905314480990794
2024-06-12,-0.05577225531729099,-0.06327544766496446,-1.6278453895086102e-22,-0.14817914928309212
2024-06-13,-0.04655178239205908,-0.05281451957970818,-1.358724044943325e-22,-0.12368163118424878
2024-06-14,-0.039122202086221386,-0.044385417741523485,-1.141874143894186e-22,-0.10394226645914806
2024-06-17,-0.031501751293387024,-0.03573976709350431,-9.194532355317666e-23,-0.24926374490076986
2024-06-18,-0.02574197913646238,-0.029205117210615063,-7.513406408925641e-23,-0.349960221054951
2024-06-19,-0.021273875668241803,-0.02413590769852661,-6.209284567481058e-23,-0.2892166989991813
2024-06-20,-0.01773735537782157,-0.02012360976867772,-5.1770673446140766e-23,-0.24113797839887902
2024-06-21,-0.014893363642035907,-0.016897008132908727,-4.34698098562404e-23,-0.24255890703559427
2024-06-23,-0.012292628046823392,-0.013946388544206878,-3.587894693719132e-23,-0.20020235155051788
2024-06-24,-0.010238822109962962,-0.011616278540003487,-2.988442778740332e-23,-0.2001685434165531
2024-06-25,-0.008590191023096671,-0.009745852654186744,-2.5072507418596157e-23,-0.20014140495149998
2024-06-26,-0.007249346702552068,-0.008224620920795083,-2.1158935638452197e-23,-0.28128621800430675
2024-06-27,-0.006147158096547307,-0.006974151900680837,-1.7941937095993182e-23,-0.26892748459209104
2024-06-28,-0.005233192665356028,-0.005937228228150042,-1.5274312477137728e-23,-0.22894308520720283
2024-06-30,-0.004374899810660079,-0.004963466914400745,-1.2769181460978474e-23,-0.19139426429979986
2024-07-01,-0.003681344323703213,-0.123074554680517,-1.0744875476957937e-23,-0.16105241696109002
2024-07-02,-0.0031142309202877787,-0.10411484229249048,-9.089620666431849e-24,-0.13624219105448213
2024-07-03,-0.0026460007132772167,-0.08846098893116684,-7.72297988890801e-24,-0.11575793315779481
2024-07-04,-0.002256315106026317,-0.2227064678831703,-6.585590132097199e-24,-0.09870986501089167
2024-07-05,-0.0019298389454137335,-0.190482089123354,-5.6326921188929496e-24,-0.08442710031314628
2024-07-06,-0.0016547950904845464,-0.16333426509795568,-4.8299114735487704e-24,-0.07239440961333111
2024-07-07,-0.0014219941692470732,-0.14035597152970747,-4.1504268370501486e-24,-0.06220977385550352
2024-07-08,-0.0012241665289052417,-0.12082966737452995,-3.573020005614414e-24,-0.05355515836256551
2024-07-09,-0.001055491800941495,-0.104180861192437,-3.0807028549445584e-24,-0.04617593212613215
2024-07-10,-0.0009112609182174137,-0.08994475101201024,-2.6597308570731316e-24,-0.03986608164200844
2024-07-11,-0.0007876288801324928,-0.07774182135668346,-2.2988814669110363e-24,-0.03445739481551443
2024-07-12,-0.0006814309318477559,-0.08883289485831801,-1.988917597766611e-24,-0.029811419121950216
2024-07-15,-0.0005657996884608866,-0.07375894149628123,-1.6514204222272413e-24,-0.17747273428288962
2024-07-16,-0.00047350371724456675,-0.19222688200382104,-1.3820327663758456e-24,-0.14852252679936695
2024-07-17,-0.00039877986379530995,-0.1618914636391072,-1.1639334988606976e-24,-0.12508411412744075
2024-07-18,-0.00033758380296297586,-0.13704788261471615,-9.853182986768902e-25,-0.10588892462000224
2024-07-19,-0.00028699339833612237,-0.11650984798782259,-8.376582184870423e-25,-0.0900203802911269
2024-07-20,-0.0002448447752354432,-0.09939889805368932,-7.146374774425159e-25,-0.07679974489579015
2024-07-21,-0.00020950165123795257,-0.08505075615134611,-6.114801976752958e-25,-0.06571377050970231
2024-07-22,-0.00017970424695168172,-0.0729539934245634,-5.245094146026379e-25,-0.056367305813685153
2024-07-23,-0.0001544674636929608,-0.06270869231930408,-4.508498843576768e-25,-0.1748429446163416
2024-07-24,-0.00013301052910924928,-0.05399788502852108,-3.8822273787351125e-25,-0.1505556705499176
2024-07-25,-0.00011470729992518917,-0.0465673780472296,-3.3480042767485163e-25,-0.1298381005839218
2024-07-26,-9.9050457471263e-05,-0.04021121673880892,-2.8910222404673927e-25,-0.11211599670138522
2024-07-29,-8.20710959703013e-05,-0.03331815634481886,-2.3954393529026616e-25,-0.0928969230430354
2024-07-30,-6.856906510504379e-05,-0.02783677742544865,-2.0013505973382408e-25,-0.07761386745098627
2024-07-31,-5.7670515694189854e-05,-0.023412326053019482,-1.6832506153694266e-25,-0.06527771312124288
2024-08-01,-4.876680965223706e-05,-0.019797715251898457,-1.423374862677043e-25,-0.08607738215886405
2024-08-02,-4.1420944164720724e-05,-0.016815536301959186,-1.208968376911412e-25,-0.0731113325984014
2024-08-03,-3.531103116708296e-05,-0.014335113272367852,-1.0306360923925212e-25,-0.06232683962448075
2024-08-05,-2.9557940695344447e-05,-0.011999548411961521,-8.627185185636217e-26,-0.052172167406597844
2024-08-06,-2.4898172849740422e-05,-0.010107836454482896,-7.267121555343092e-26,-0.10700673679796822
2024-08-07,-2.108066147249777e-05,-0.138884269542238,-6.152890427430556e-26,-0.09059993306850851
2024-08-08,-1.7923840629916792e-05,-0.23039861209050244,-5.231497483059711e-26,-0.07703262838880288
2024-08-09,-1.5293155836880795e-05,-0.1965829730387119,-4.4636698083078864e-26,-0.0657265378999277
2024-08-10,-1.3086792830682805e-05,-0.16822169796983147,-3.819690498740994e-26,-0.05624408684177853
2024-08-12,-1.0993913588621744e-05,-0.14131917843732378,-3.208834114037623e-26,-0.047249363431482415
2024-08-13,-9.287727465370116e-06,-0.11938733230669486,-2.7108432763750744e-26,-0.03991655991529845
2024-08-14,-7.88250704287506e-06,-0.23749295790681754,-2.30069640801045e-26,-0.03387723916672288
2024-08-15,-6.715394996633263e-06,-0.20232890533281006,-1.9600471097695643e-26,-0.028861254568188933
2024-08-16,-5.739259616944608e-06,-0.17291881062832154,-1.6751388756803146e-26,-0.02466604465122437
2024-08-19,-4.703072551143319e-06,-0.14169941179196138,-1.3727031344435528e-26,-0.02021274611832365
2024-08-20,-3.895238200737565e-06,-0.11736007808340339,-1.1369175426087913e-26,-0.016740856103264683
2024-08-21,-3.253327739937494e-06,-0.0980198842570579,-9.495607685020099e-27,-0.013982069579400874
2024-08-22,-2.7355021666196236e-06,-0.08241825822385121,-7.984211082355168e-27,-0.07407083234314829
2024-08-23,-2.312663969995188e-06,-0.13150821787079112,-6.750057639989668e-27,-0.06262138896392729
2024-08-26,-1.873678439494331e-06,-0.10654557498958098,-5.468774378587713e-27,-0.050734714543567226
2024-08-27,-1.5382685704399134e-06,-0.08747269855448278,-4.4898012210029485e-27,-0.04165262041104165
2024-08-28,-1.27590420643608e-06,-0.07255350995181716,-3.724028673550328e-27,-0.03454842321606756
2024-08-29,-1.0668809381089577e-06,-0.06066753003088414,-3.1139447497237127e-27,-0.17632984869121093
2024-08-30,-8.979089007017754e-07,-0.05105903878541305,-2.6207598310139948e-27,-0.1484028207307477
2024-09-02,-7.240859870977283e-07,-0.04117470544094352,-2.1134164810068154e-27,-0.11967405919790566
2024-09-03,-5.923612380368959e-07,-0.03368425839666182,-1.7289465967911488e-27,-0.09790311527987666
2024-09-04,-4.899719634160683e-07,-0.027861955109558644,-1.4300992439659323e-27,-0.08098062219129029
2024-09-05,-4.088033262674733e-07,-0.023246350353786527,-1.193189348528956e-27,-0.0675653918730391
2024-09-06,-3.434476172081207e-07,-0.019529938052826407,-1.0024332296216584e-27,-0.05676365957292979
2024-09-07,-2.90161414890216e-07,-0.016499850848266096,-8.469048252669366e-28,-0.04795672746230489
2024-09-08,-2.4627066989107605e-07,-0.014004030560171995,-7.187992887730638e-28,-0.04070263926164713
2024-09-09,-2.0981423178230252e-07,-0.011930957572568191,-6.123925380407258e-28,-0.15310448252684836
2024-09-10,-1.7932128568578738e-07,-0.010196994899732869,-5.233916514289957e-28,-0.13085333829717546
2024-09-11,-1.5366744910129417e-07,-0.1517989494394505,-4.485148522576205e-28,-0.11213336233685804
2024-09-12,-1.3197887926426007e-07,-0.13037409898894475,-3.852116234148993e-28,-0.0963068989294954
2024-09-13,-1.135666692078644e-07,-0.25169453184273305,-3.3147122672401006e-28,-0.08287124268771577
2024-09-15,-9.591107832173673e-08,-0.21256495523820057,-2.7993920231594786e-28,-0.06998770240846992
2024-09-16,-8.137837576399341e-08,-0.18035654592062245,-2.3752206727068804e-28,-0.1957533809018698
2024-09-17,-6.931400670189445e-08,-0.15361863290227823,-2.023093482523494e-28,-0.16673288239495906
2024-09-18,-5.922781323726226e-08,-0.13126489337761818,-1.7287040332231879e-28,-0.1715737305891516
2024-09-19,-5.074557498289756e-08,-0.11246595350113721,-1.4811298163203917e-28,-0.17564476371778784
2024-09-20,-4.357678363596129e-08,-0.09657796810427034,-1.2718916588159118e-28,-0.2080456150982004
2024-09-22,-3.673007860017396e-08,-0.08140381330455874,-1.0720543532878279e-28,-0.17535786621645807
2024-09-23,-3.1114491660871726e-08,-0.06895815001647874,-9.08150145783172e-29,-0.17912535188229983
2024-09-24,-2.6466404690000612e-08,-0.05865672898988851,-7.724847167535915e-29,-0.15236643120599477
2024-09-25,-2.2589964533798725e-08,-0.05006548653171804,-6.593416279528967e-29,-0.13004986198164362
2024-09-26,-1.933665437877787e-08,-0.04285526911389066,-5.643860643601444e-29,-0.11132063662093454
2024-09-27,-1.6591853612935907e-08,-0.10774608129150977,-4.8427255189097415e-29,-0.09551888712147083
2024-09-29,-1.3974421998853976e-08,-0.09074870378053879,-4.0787660983882646e-29,-0.08045039864958986
2024-09-30,-1.1830581264722021e-08,-0.07682678502423183,-3.4530353950047305e-29,-0.06810836105287998
2024-10-01,-1.0058103610264636e-08,-0.06531646641247325,-2.935695803589471e-29,-0.05790425143673409
2024-10-02,-8.58126801562049e-09,-0.05572602210487267,-2.504646350751879e-29,-0.04940214577978676
2024-10-03,-7.342802563572388e-09,-0.04768353315902853,-2.1431708707461114e-29,-0.06536384529471358
2024-10-04,-6.298604738151745e-09,-0.040902601600274126,-1.8383969995487378e-29,-0.05606864982582367
2024-10-07,-5.181710445100743e-09,-0.03364958538517974,-1.5124049421775384e-29,-0.04612632805569884
2024-10-08,-4.304847887979147e-09,-0.02795531477713604,-1.2564718330137454e-29,-0.03832071050950975
2024-10-09,-3.6042358622600466e-09,-0.02340560007750267,-1.0519816166126272e-29,-0.03208403239318581
2024-10-10,-3.036552054472684e-09,-0.019719109880045597,-8.862896495318461e-30,-0.027030648992601162
2024-10-11,-2.571332880574939e-09,-0.016698016269981752,-7.505044131213578e-30,-0.022889380880389734
2024-10-14,-2.08675251042193e-09,-0.013551192703863199,-6.090681529392467e-30,-0.018575764100786932
2024-10-15,-1.7154052333155806e-09,-0.011139695179844148,-5.006816533248524e-30,-0.01527012081796067
2024-10-16,-1.4242628433810235e-09,-0.00924904134784337,-4.157048499932947e-30,-0.012678441963782532
2024-10-17,-1.1918920081822489e-09,-0.00774004497629975,-3.478819171420716e-30,-0.010609933217777713
2024-10-18,-1.0037728894906869e-09,-0.16435076723180572,-2.929748960258676e-30,-0.008935342506033063
2024-10-21,-8.099978294219628e-10,-0.30636543585021947,-2.3641705443597736e-30,-0.020723674107590295
2024-10-22,-6.629803218792748e-10,-0.25075901180823024,-1.9350651218357988e-30,-0.016962253022549726
2024-10-23,-5.486009395862257e-10,-0.20749730413983347,-1.601221799450273e-30,-0.1520543075763659
2024-10-24,-4.578630446564809e-10,-0.17317751497679235,-1.3363817583316417e-30,-0.12690471925286492
2024-10-25,-3.8476104636672077e-10,-0.14552815005991754,-1.1230162592983631e-30,-0.10664322691786848
2024-10-28,-3.097920185827167e-10,-0.11717261867694559,-9.042013924082689e-31,-0.08586425483304508
2024-10-29,-2.531355051555942e-10,-0.09574342862313885,-7.38835936693265e-31,-0.07016091512431287
2024-10-30,-2.0918898996474458e-10,-0.07912154052480776,-6.105676216835694e-31,-0.21422816450931761
2024-10-31,-1.7440787711225738e-10,-0.21560609615077225,-5.090507045770336e-31,-0.29832105721258917
2024-11-01,-1.4643941239180486e-10,-0.3413933804752332,-4.274181148820142e-31,-0.2504815782729535
2024-11-04,-1.1780521338539242e-10,-0.27463863299069075,-3.4384242196860716e-31,-0.24061060477738902
2024-11-05,-9.619798608100213e-11,-0.22426582520854635,-2.8077661057651975e-31,-0.26984498917782757
2024-11-06,-7.945726560454502e-11,-0.1852382774896477,-2.319148521813839e-31,-0.22288559096345337
2024-11-07,-6.621987153204359e-11,-0.1777016865720591,-1.9327838179402022e-31,-0.21907290519003328
2024-11-08,-5.5582939334601725e-11,-0.2937248380597787,-1.6223197540859803e-31,-0.2160092145693644
2024-11-09,-4.6924599445922654e-11,-0.24797034014884153,-1.3696055938211538e-31,-0.1823607385942216
2024-11-11,-3.8923999154959804e-11,-0.2056916292174611,-1.1360891218253125e-31,-0.15126840332690578
2024-11-12,-3.254917776911359e-11,-0.1720042531694648,-9.500248584589826e-32,-0.12649425181456575
2024-11-13,-2.7395314864667026e-11,-0.14476896181724083,-7.995971606828495e-32,-0.10646505056477433
2024-11-14,-2.3179324462414883e-11,-0.2609949232340247,-6.765434935956056e-32,-0.09008065660640129
2024-11-15,-1.969727139806364e-11,-0.2217876472109135,-5.749115263283401e-32,-0.0765485268463775
2024-11-18,-1.6044114256097767e-11,-0.18065377079552297,-4.682854812299645e-32,-0.0623514438136839
2024-11-19,-1.3226330533628229e-11,-0.14892604518693103,-3.860417882833685e-32,-0.05140083098169797
2024-11-20,-1.1005958366697667e-11,-0.12392506363551994,-3.212349667846049e-32,-0.19385954021915472
2024-11-21,-9.226700737160585e-12,-0.10874084427812851,-2.6930311800939494e-32,-0.16251960102429325
2024-11-22,-7.781634375401782e-12,-0.13940022936045365,-2.27125433045062e-32,-0.1370661247214582
2024-11-25,-6.288756911915618e-12,-0.11265681650172774,-1.835522678178019e-32,-0.28343213648549614
2024-11-26,-5.153141221986509e-12,-0.25483424282985306,-1.5040663376395335e-32,-0.2322503233336481
2024-11-27,-4.267857487861344e-12,-0.21105500209939942,-1.2456753084792282e-32,-0.19235088634260666
2024-11-28,-3.5644473225422036e-12,-0.17626981202676564,-1.040368388751122e-32,-0.30898261114631503
2024-11-29,-2.997037436665473e-12,-0.14821013688636087,-8.747563722688548e-33,-0.2597969247652396
2024-11-30,-2.533728413729408e-12,-0.12529847990471174,-7.395286586658176e-33,-0.2196351777339119
2024-12-01,-2.151647224329685e-12,-0.21497828256413667,-6.280092124745362e-33,-0.1865146311560438
2024-12-02,-1.833965172845633e-12,-0.183237604511874,-5.3528618022562833e-33,-0.15897649665729835
2024-12-03,-1.5680267559609911e-12,-0.15666680634234764,-4.576657534818906e-33,-0.1359237372762089
2024-12-04,-1.3441346546473078e-12,-0.2056899431520501,-3.9231753996650856e-33,-0.11651574500727052
2024-12-05,-1.154737079625902e-12,-0.3176135499588333,-3.3703737108527614e-33,-0.11277949894970515
2024-12-06,-9.938699876003628e-13,-0.27336662217650337,-2.900844995207933e-33,-0.2224476433448566
2024-12-07,-8.567653914634261e-13,-0.35981084251144857,-2.5006727528766135e-33,-0.19176093916532214
2024-12-08,-7.395706548346341e-13,-0.31059324181881715,-2.1586121519370836e-33,-0.16553045298428798
2024-12-09,-6.391436181178629e-13,-0.268417475789953,-1.865492055266501e-33,-0.14305290770727333
2024-12-10,-5.529005842783877e-13,-0.2321984840149455,-1.61377133102084e-33,-0.12375002114076991
2024-12-11,-4.787018238338398e-13,-0.2010376565878988,-1.3972046718284433e-33,-0.14136365009440574
2024-12-12,-4.147641525837277e-13,-0.1741861198779161,-1.2105874321843004e-33,-0.2426906957074291
2024-12-13,-3.5959334106175974e-13,-0.1510163509148487,-1.0495583494252243e-33,-0.21040863240084445
2024-12-15,-3.0590218706231204e-13,-0.12846798522636615,-8.928479976595127e-34,-0.17899236019822137
2024-12-16,-2.6111718910867883e-13,-0.10965988675958985,-7.621323720796876e-34,-0.2845500418322499
2024-12-17,-2.2352615126634527e-13,-0.09387299441812069,-6.524140232512965e-34,-0.3011704863200061
2024-12-18,-1.9180714113514997e-13,-0.08055214384146461,-5.598345783138509e-34,-0.2669476937939786
2024-12-19,-1.6492393976112647e-13,-0.13934088922538673,-4.81369586781819e-34,-0.2645723481087635
2024-12-20,-1.420535165454363e-13,-0.1200181328538685,-4.146168388859856e-34,-0.2306568770364375
2024-12-22,-1.2008112854011517e-13,-0.10145410820407465,-3.504852194858513e-34,-0.19884652268479508
2024-12-23,-1.0196439785524686e-13,-0.08614765016564366,-2.976072493364375e-34,-0.24428177558141093
2024-12-26,-8.298712563353773e-14,-0.07011413804923919,-2.4221758485933768e-34,-0.19881686967776324
2024-12-27,-6.837014341713068e-14,-0.05776454645704335,-1.9955445966538377e-34,-0.1637981529043372
2024-12-29,-5.54766832562611e-14,-0.04687112366706018,-1.6192184187311495e-34,-0.13290857372046586
2024-12-30,-4.5598827751250553e-14,-0.03852552404276311,-1.330909806311123e-34,-0.13773231548919682
2024-12-31,-3.785609909738164e-14,-0.2017848958750474,-1.1049199289121881e-34,-0.11434522423502153
2025-01-02,-3.092682557517942e-14,-0.16484969205041433,-9.026726665128158e-35,-0.13002368514119256
2025-01-03,-2.555385696219782e-14,-0.1362100821074718,-7.45849849596805e-35,-0.10743445504030218
2025-01-05,-2.078833331912609e-14,-0.11080834460584378,-6.067567530950483e-35,-0.08739906717957852
2025-01-06,-1.7120729377993073e-14,-0.09125886388759336,-4.997090439401702e-35,-0.07197959326993819
2025-01-07,-1.4235714662276804e-14,-0.2443908650178128,-4.1550305519315957e-35,-0.059850309450875445
2025-01-08,-1.1927032390812229e-14,-0.20475668642124087,-3.481186940970659e-35,-0.050144063459793914
2025-01-09,-1.0054056402010286e-14,-0.1726024719739775,-2.9345145299867137e-35,-0.04226962967243342
2025-01-10,-8.51759157800648e-15,-0.1462252948307208,-2.4860608740124817e-35,-0.035809968365741754
2025-01-13,-6.915693023547558e-15,-0.11872478764280936,-2.0185088337549292e-35,-0.029075208189118296
2025-01-14,-5.687083676034503e-15,-0.09763270281735645,-1.6599100913375233e-35,-0.0239098440758751
2025-01-15,-4.723207709508306e-15,-0.08108541405682557,-1.3785800573911692e-35,-0.01985748167346459
2025-01-16,-3.953509732981168e-15,-0.06787166548511583,-1.1539254696798212e-35,-0.016621489440427364
2025-01-17,-3.3301326498914416e-15,-0.05716987297361762,-9.719781008922568e-36,-0.014000664830450451
2025-01-19,-2.7566047837574685e-15,-0.04732386421033965,-8.045804069439813e-36,-0.011589418111816895
2025-01-20,-2.3013262437214156e-15,-0.03950789438633768,-6.716965800082381e-36,-0.009675319511645701
2025-01-21,-1.9343458944834786e-15,-0.03320777899891291,-5.645846717397506e-36,-0.008132447377345135
2025-01-22,-1.6348746784729116e-15,-0.028066623021496505,-4.7717690321757635e-36,-0.00687339959681061
2025-01-23,-1.3880290190060283e-15,-0.023828913452698806,-4.051291500117275e-36,-0.005835602095512875
2025-01-24,-1.18287264476145e-15,-0.020306902443415785,-3.452494022693404e-36,-0.004973076203722218
2025-01-27,-9.663762312213103e-16,-0.0165902119200707,-2.8205979542602465e-36,-0.004062874106196494
2025-01-28,-7.984985861255259e-16,-0.013708181486373434,-2.3306072787603257e-36,-0.0033570768036211705
2025-01-29,-6.656648844111576e-16,-0.011427766063920696,-1.9429006535271566e-36,-0.0027986125226407933
2025-01-30,-5.588699028697405e-16,-0.009594368968119816,-1.6311942013927827e-36,-0.0023496211762497523
2025-01-31,-4.719030116481739e-16,-0.008101369545346236,-1.3773607279039796e-36,-0.001983991808488955
2025-02-03,-3.818406414655607e-16,-0.006555228654168592,-1.114492365783914e-36,-0.0016053483154725955
2025-02-04,-3.1318223214775604e-16,-0.1672046990156077,-9.140965338005291e-37,-0.163144852040212
2025-02-05,-2.5956916170425303e-16,-0.1385812447240526,-7.576140873899406e-37,-0.1694540146968011
2025-02-06,-2.1691436487243566e-16,-0.11580829743095367,-6.3311595840433866e-37,-0.14160776931938107
2025-02-07,-1.8247039541284344e-16,-0.09741902449264478,-5.3258307415536825e-37,-0.11912178189044267
2025-02-10,-1.4707270284074388e-16,-0.07852056881789067,-4.2926652307648295e-37,-0.09601317731676183
2025-02-11,-1.2027165236457029e-16,-0.22821871997032064,-3.5104130840043115e-37,-0.07851670134303365
2025-02-12,-9.945335607864566e-17,-0.18871543854923503,-2.9027817907444184e-37,-0.06492593477571369
2025-02-13,-8.295849154440768e-17,-0.15741598605084595,-2.421340094871243e-37,-0.054157625478667065
2025-02-14,-6.968270373107791e-17,-0.13222481887396415,-2.0338547787211646e-37,-0.04549081957437102
2025-02-17,-5.607999447709158e-17,-0.28210164629428564,-1.6368274858861434e-37,-0.03661059020233332
2025-02-18,-4.580813572380292e-17,-0.25973697104826265,-1.3370189553166334e-37,-0.029904833275297246
2025-02-19,-3.784543221203884e-17,-0.2675180064953347,-1.1046085905948302e-37,-0.024706557528480624
2025-02-20,-3.154640116749657e-17,-0.22299204578105505,-9.207564478780784e-38,-0.020594373738275076
2025-02-21,-2.6483086897734567e-17,-0.1872009962267252,-7.729716265045404e-38,-0.017288900449193234
2025-02-22,-2.2360477933564707e-17,-0.15805951026151305,-6.526435178976404e-38,-0.014597545916101344
2025-02-24,-1.8550145580949587e-17,-0.13112541397889696,-5.414299419464272e-38,-0.04619101056158162
2025-02-25,-1.5513479774276124e-17,-0.10966013440585999,-4.527976568657971e-38,-0.0386295247642897
2025-02-26,-1.3058019135295526e-17,-0.13029021961647264,-3.8112922141263736e-38,-0.032515275805231406
2025-02-27,-1.1049122698439916e-17,-0.11024586562734494,-3.224948200578508e-38,-0.02751299934723872
2025-02-28,-9.38976189725098e-18,-0.09368910606298707,-2.7406244423981093e-38,-0.023381088254750732
2025-03-01,-8.008244512969104e-18,-0.07990461076266012,-2.337395867233781e-38,-0.019941024466038074
2025-03-03,-6.706289269099256e-18,-0.06691397007688342,-1.9573893874845192e-38,-0.01669907533103726
2025-03-04,-5.650962089889458e-18,-0.056384133313601224,-1.6493671507421602e-38,-0.014071245340804452
2025-03-05,0.0975951181968133,-0.04775226483490979,-1.3968649044258897e-38,-0.011917073023608893
2025-03-06,0.08299930317787141,-0.04061068606392753,-1.1879571011653168e-38,-0.010134817961741491
2025-03-07,0.07083100939951313,-0.18126404787316494,-1.0137940606384843e-38,-0.008648980880864259
2025-03-09,0.059349825247445503,-0.15188248277301666,-8.494655214698352e-39,-0.007247044877653817
2025-03-10,0.05003376234105008,-0.12804169203785196,-7.161260516090104e-39,-0.0061094859095488585
2025-03-11,0.04239036967954509,-0.108481441449104,-6.067272706364665e-39,-0.11516675566517888
2025-03-12,0.03606216143727181,-0.09228688695237443,-5.161525352925953e-39,-0.09797419004365447
2025-03-13,0.030783357383405686,-0.07877786881406137,-4.4059777132052326e-39,-0.08363266055778848
2025-03-14,0.02635229179768048,-0.06743830311721069,-3.771765662411181e-39,-0.07159427892758907
2025-03-17,0.021632552970236817,-0.055359992049509546,-3.0962362252914945e-39,-0.058771625752994355
2025-03-18,0.017941400983471082,-0.06297689488397362,-2.5679269448193788e-39,-0.116995257206739
2025-03-19,0.015001148295254757,-0.059211420994186165,-2.1470928020674137e-39,-0.09782197080465768
2025-03-20,0.012624575662445273,-0.14845100418414922,-1.8069373757584982e-39,-0.22490786538445798
2025-03-21,0.010680836997360117,-0.12559479385132924,-1.5287328533603956e-39,-0.2395486948063564
2025-03-24,0.008659903078319283,-0.19643644987120276,-1.2394794851766386e-39,-0.19422340028910276
2025-03-25,0.007113753117103157,-0.25063506699352767,-1.018181262713624e-39,-0.15954651070865464
2025-03-26,0.005903088439914192,-0.2079803645489877,-8.449005669330247e-40,-0.2549281231322021
2025-03-27,0.004937786108292305,-0.30479035482504535,-7.067382311403802e-40,-0.21324101067229065
2025-03-28,0.004156942466594156,-0.25659191013818794,-5.949772026089485e-40,-0.1795198482563814
2025-03-30,0.0034392921627722332,-0.21229414471354657,-4.9226094573246954e-40,-0.14852772491607164
2025-03-31,0.0028701186196882357,-0.17716127294693293,-4.107959542911524e-40,-0.12394765220467274
2025-04-01,0.0024116621542844166,-0.148862536286873,-3.4517773910150703e-40,-0.10414895742772004
2025-04-02,0.0020377604943828736,-0.2808220273463309,-2.916617317362837e-40,-0.08800180846240642
2025-04-03,0.0017297110173670614,-0.37442353310789855,-2.475710526920333e-40,-0.07469852225776352
2025-04-04,0.001473788499539554,-0.3190250229725434,-2.109412304211457e-40,-0.06364636747453238
2025-04-07,0.0012038192855452767,-0.2715767073705459,-1.723009247099977e-40,-0.05198759838652642
2025-04-08,0.0009945475285773203,-0.22436585489008928,-1.4234815881380071e-40,-0.04295008238597079
2025-04-09,0.0008290040822530583,-0.2906356877407517,-1.1865416319183288e-40,-0.10238140383942806
2025-04-10,0.0006959391242753755,-0.24398522316049073,-9.960876694228975e-41,-0.08594797788745422
2025-04-11,0.0005875979995727639,-0.20600254254090575,-8.41020574265623e-41,-0.07256792744132146
2025-04-13,0.0004874649429166486,-0.17089748044309316,-6.977015689709668e-41,-0.060201567455102876
2025-04-14,0.00040766438375912286,-0.1429206696054304,-5.834841752116655e-41,-0.05034625618629196
2025-04-15,0.00034313799567861365,-0.12029874098206715,-4.911284830578223e-41,-0.042377293984784174
2025-04-16,0.00029034719804799726,-0.10179112430778213,-4.1556977289964833e-41,-0.035857668705573775
2025-04-17,0.000246741980356694,-0.08650382632686755,-3.531582513315323e-41,-0.03047245589718049
2025-04-21,0.00019559662755878058,-0.06857307652311999,-2.7995464272089334e-41,-0.02415604186326892
2025-04-22,0.00015798060274836427,-0.05538549461021055,-2.2611536687133577e-41,-0.019510490038623526
2025-04-23,0.00012939566440672346,-0.045364068429327456,-1.8520215532719545e-41,-0.01598027085305946
2025-04-24,0.00010712936591098735,-0.03755785719914717,-1.5333272220919721e-41,-0.013230399112855739
2025-04-25,8.944836971998797e-05,-0.03135918025904486,-1.2802616639900987e-41,-0.04405549150277893
2025-04-28,7.154959264162942e-05,-0.02508415279265515,-1.0240790393378956e-41,-0.03523990968776957
2025-04-29,5.8177184374199693e-05,-0.18860334943017126,-8.326816811344081e-42,-0.028653674291398836
2025-04-30,4.7894741709972824e-05,-0.15526892206560255,-6.855105566477846e-42,-0.023589321896383277
2025-05-01,3.981192432561797e-05,-0.12906541208278188,-5.698223527529978e-42,-0.01960833829981598
2025-05-02,3.3347321009525206e-05,-0.10810795511287742,-4.772954143145948e-42,-0.01642436437885451
2025-05-05,2.676092512449551e-05,-0.09268093133496749,-3.830252763359773e-42,-0.013180404663823241
2025-05-06,2.18122091068493e-05,-0.07554207655718938,-3.121950149997504e-42,-0.010743042002574416
2025-05-07,1.7990623274565662e-05,-0.0623068041417242,-2.57497206062187e-42,-0.00886081829421218
2025-05-08,1.4976504129951162e-05,-0.05186802565488765,-2.1435655180958883e-42,-0.03878973011345445
2025-05-09,1.2559429231129651e-05,-0.043496986474179475,-1.79761306064574e-42,-0.03252941180580696
2025-05-10,1.059518990401711e-05,-0.03669424967212013,-1.5164743079467117e-42,-0.027441955299548355
2025-05-12,8.782738229050686e-06,-0.030417198021101145,-1.2570607038130592e-42,-0.02274763473544383
2025-05-13,7.3403547507235995e-06,-0.05949939325554101,-1.050614428955775e-42,-0.019011805241528696
2025-05-14,6.175371032263045e-06,-0.05005627684564898,-8.838719831642341e-43,-0.015994451950430526
2025-05-15,5.223143446183521e-06,-0.13948222529086565,-7.475810169154633e-43,-0.013528145344422104
2025-05-16,4.437197833444416e-06,-0.11849382163089245,-6.3508975059937785e-43,-0.011492515538062022
2025-05-18,3.7021345394852234e-06,-0.09886421255975389,-5.298811974632832e-43,-0.009588672922884449
2025-05-19,3.110272617422422e-06,-0.08305874621466057,-4.451688509370639e-43,-0.008055727448958196
2025-05-20,2.6277119148384187e-06,-0.07017213084063292,-3.7610063091243735e-43,-0.006805876398661487
2025-05-21,2.2302363894499177e-06,-0.05955768546859285,-3.1921053005065385e-43,-0.0057763992775161435
2025-05-22,1.9000859449132642e-06,-0.05074113291566821,-2.719565712794952e-43,-0.004921296742953188
2025-05-23,1.62394092552348e-06,-0.04336677641860121,-2.3243233141539602e-43,-0.0042060703669337994
2025-05-25,1.3626318450445235e-06,-0.036388608499329,-1.950315381715416e-43,-0.0035292696516251642
2025-05-26,1.1500579218077981e-06,-0.030711895968384976,-1.6460613796180033e-43,-0.002978694895329373
2025-05-27,9.752867572792118e-07,-0.02604469293322126,-1.3959139229149935e-43,-0.0025260307592363455
2025-05-28,8.303389994492852e-07,-0.02217391357949464,-1.1884522797213911e-43,-0.0021506104102692633
2025-05-29,7.092548041822593e-07,-0.01894040234676388,-1.0151462107558613e-43,-0.13307950918723555
2025-05-30,6.074941033517769e-07,-0.016222918298079567,-8.694975817401892e-44,-0.1426809613097605
2025-05-31,5.215391825988455e-07,-0.01392752209752543,-7.464715386543589e-44,-0.12249289585420026
2025-06-01,4.486241137826103e-07,-0.011980350598118035,-6.421092482908199e-44,-0.10536747512127927
2025-06-02,3.865461209346405e-07,-0.07950966829306237,-5.532579090551226e-44,-0.09078733739342414
2025-06-03,3.335312631764856e-07,-0.0686049055062499,-4.773785048556663e-44,-0.1949134665574089
2025-06-04,2.881369693732064e-07,-0.059267636168325734,-4.124063043536654e-44,-0.1683853411791267
2025-06-05,2.4918009831464304e-07,-0.05125449691313784,-3.566478945342195e-44,-0.14561920312076818
2025-06-06,2.1568301263104738e-07,-0.04436439498934357,-3.0870399707656006e-44,-0.12604372756270812
2025-06-09,1.791749378665956e-07,-0.03685495495791535,-2.564505142089259e-44,-0.158874176325439
2025-06-10,1.50007855291628e-07,-0.08294686383628909,-2.1470408798778889e-44,-0.13301176345068638
2025-06-11,1.2637652652296637e-07,-0.06987991740315684,-1.8088090665270943e-44,-0.14356468441907286
2025-06-12,1.0701178336001529e-07,-0.0591721800567403,-1.5316442799340001e-44,-0.12156619057266821
2025-06-13,9.099520215394806e-08,-0.050315809316423,-1.3024012543707286e-44,-0.10337123388580577
2025-06-14,7.764579029759044e-08,-0.04293425022812612,-1.1113330404948248e-44,-0.08820620163600797
2025-06-16,6.50529758443612e-08,-0.03597105177603843,-9.310938965430796e-45,-0.15499208759213517
2025-06-17,5.4836906425813375e-08,-0.0303220748117657,-7.848727627854485e-45,-0.1306517725548155
2025-06-18,4.6456433425944e-08,-0.17851350646378952,-6.649242568325297e-45,-0.2482277349465724
2025-06-20,3.866039650988593e-08,-0.1485564524289555,-5.533407005762727e-45,-0.20657166187936551
2025-06-23,3.082085445722081e-08,-0.1184322255417911,-4.41134461550514e-45,-0.1646831305556348
2025-06-24,2.499800306673511e-08,-0.09605733486082331,-3.577928262173386e-45,-0.16379836685430543
2025-06-25,2.0540361761629027e-08,-0.07892840090594255,-2.939912466847957e-45,-0.13458985912473048
2025-06-26,1.7048266871039635e-08,-0.23552103848411657,-2.4400939425492116e-45,-0.11170805378804871
2025-06-27,1.4262849676708942e-08,-0.19704062547892795,-2.041421181571704e-45,-0.09345672442300844
2025-06-30,1.1431825380959583e-08,-0.15793015242308278,-1.636220741695765e-45,-0.07490655643836351
2025-07-01,9.30927045136891e-09,-0.12860715173108983,-1.332422504279604e-45,-0.09813274267223131
2025-07-02,7.672815325849458e-09,-0.10599959792456655,-1.0981990333990055e-45,-0.08088221476393104
2025-07-03,6.3837613682939085e-09,-0.08819137559662564,-9.136985925481186e-46,-0.0672937814953693
2025-07-04,5.351085077543713e-09,-0.07392499918105164,-7.65893118787367e-46,-0.05640792773987963
2025-07-07,4.297399007773006e-09,-0.05936837361518785,-6.150805455419553e-46,-0.04530060150177269
2025-07-08,3.5046733308804583e-09,-0.2328832930777989,-5.016188583850855e-46,-0.03694416312493646
2025-07-09,2.8918922447992743e-09,-0.192164383271011,-4.1391238196926665e-46,-0.030484592640981648
2025-07-10,2.4082118387466347e-09,-0.16002413077836358,-3.4468390039594782e-46,-0.025385924053500184
2025-07-11,2.020101225529804e-09,-0.13423442967042246,-2.891341859579254e-46,-0.02129469487134997
2025-07-14,1.6235168281633082e-09,-0.10788165104532264,-2.323716309695717e-46,-0.01711414014175078
2025-07-15,1.3247668158288796e-09,-0.0880299045026581,-1.896119709438317e-46,-0.013964896789450345
2025-07-16,1.0936043293341577e-09,-0.07266930566549952,-1.5652601638275158e-46,-0.01152812057576499
2025-07-17,9.110030743231799e-10,-0.060535569487465433,-1.3039056111186636e-46,-0.009603247723136267
2025-07-18,7.643923134500063e-10,-0.050793378541466816,-1.0940637355630481e-46,-0.00805776506207215
2025-07-21,6.144981889830472e-10,-0.040833010192354746,-8.795224288705398e-47,-0.006477671152325172
2025-07-22,5.015268054129742e-10,-0.03332613427398085,-7.17828110723156e-47,-0.0052867946200424835
2025-07-23,4.140809732689952e-10,-0.027515414862222674,-5.926681475845181e-47,-0.004364993133194246
2025-07-24,3.449852070750247e-10,-0.022924045553362443,-4.937723701890401e-47,-0.003636627029848683
2025-07-25,2.894953342586728e-10,-0.019236779125397306,-4.1435051249744385e-47,-0.003051686089691426
2025-07-26,2.443483569487439e-10,-0.016236791464406503,-3.4973229253896764e-47,-0.0025757737472658342
2025-07-28,2.0264786799747253e-10,-0.013465820742440038,-2.9004698184959285e-47,-0.002136192216904388
2025-07-29,1.694327958204321e-10,-0.011258700518067323,-2.425067262719368e-47,-0.0017860588581394383
2025-07-30,1.4258685384780252e-10,-0.009474804907234222,-2.0408251524511446e-47,-0.0015030650479202583
2025-07-31,1.2063118109480697e-10,-0.008015864546829343,-1.7265767628967517e-47,-0.0012716215211991495
2025-08-01,1.0250102759830364e-10,-0.00681112748529815,-1.4670824808154708e-47,-0.0010805043228134486
2025-08-04,8.348326847749045e-11,-0.005547409599813322,-1.1948840269633322e-47,-0.0008800305185820108
2025-08-05,6.88166317771384e-11,-0.004572821006046837,-9.849625631522921e-48,-0.03586213298569585
2025-08-06,5.726094856066875e-11,-0.0038049532742661894,-8.195677295787742e-48,-0.029840166528638298
2025-08-07,4.800189498528597e-11,-0.06786940306325531,-6.870442260817153e-48,-0.02501503338760639
2025-08-08,4.048252213303896e-11,-0.057237836391804416,-5.794205228200944e-48,-0.02109649302559615
2025-08-10,3.354819409307908e-11,-0.04743345877585546,-4.8017048189834867e-48,-0.01748283470036997
2025-08-11,2.803245246627609e-11,-0.18760603402692042,-4.012244644876782e-48,-0.16257966618721137
2025-08-12,2.3579264552603814e-11,-0.15780325725361674,-3.374866257068705e-48,-0.13675253581591207
2025-08-13,1.994051406521717e-11,-0.13345106942512108,-2.854057127913004e-48,-0.11564889387485927
2025-08-14,1.6937970057997387e-11,-0.22177070705727123,-2.424307318171338e-48,-0.09823505528926042
2025-08-15,1.4440299123998286e-11,-0.1890684264927922,-2.0668192660054357e-48,-0.08374932639402409
2025-08-18,1.1802380131262068e-11,-0.15452986265215665,-1.6892577106988673e-48,-0.0684502015748915
2025-08-19,-0.027751265325832813,-0.12772736752258174,-1.3962637172626646e-48,-0.056577828411270834
2025-08-20,-0.023140778621540972,-0.1596707908306044,-1.1642939231454865e-48,-0.04717820923768847
2025-08-21,-0.019432311399679457,-0.29433926412374695,-9.777079002111352e-49,-0.039617580211090866
2025-08-22,-0.016411223060035507,-0.24857914323775188,-8.257063253004763e-49,-0.033458343301033436
2025-08-23,-0.013924513844817207,-0.2109132091425846,-7.005912427330538e-49,-0.028388570602907837
2025-08-24,-0.011860174324328341,-0.17964486628491072,-5.9672706433514455e-49,-0.024179903149316003
2025-08-25,-0.010134328274861269,-0.15350364994976112,-5.098936824277319e-49,-0.020661338481919624
2025-08-26,-0.00868293951562237,-0.1315196105544835,-4.3686921163786404e-49,-0.017702322984279376
2025-08-27,-0.007456297068949943,-0.1129397809258542,-3.7515251792196715e-49,-0.015201508514922154
2025-08-28,-0.08537034112331497,-0.0971711323050945,-3.227737353016217e-49,-0.013079074379560553
2025-08-29,-0.07357094296150048,-0.20813352675128227,-2.7816180370000572e-49,-0.01127135984823985
2025-08-31,-0.062223030059515655,-0.17603007614317404,-2.35256876917995e-49,-0.009532814646886541
2025-09-01,-0.05285768452902885,-0.14953534444557148,-1.998477697328767e-49,-0.008098006619042438
2025-09-02,-0.04506605659396598,-0.12749268825578908,-1.7038867633358997e-49,-0.006904298359714448
2025-09-03,-0.03854016776285409,-0.2393572980902961,-1.4571517161913058e-49,-0.005904506344223183
2025-09-04,-0.033043688084205505,-0.2052208995934122,-1.2493372394605406e-49,-0.005062423887987631
2025-09-05,-0.02839234578956774,-0.1763333054607611,-1.0734762663342862e-49,-0.004349819826250448
2025-09-07,-0.023944864163116465,-0.14871180697731032,-9.053229898724494e-50,-0.003668448026294046
2025-09-08,-0.020293352548603538,-0.1260337543187657,-7.672642650500757e-50,-0.003109021984701238
2025-09-09,-0.017268400940197715,-0.10724701088015089,-6.528949282400643e-50,-0.05034517339639277
2025-09-10,-0.014743862924789403,-0.09156813262480562,-5.574455538528576e-50,-0.04298500701088485
2025-09-11,-0.01262389552707387,-0.07840187783632029,-4.772924483744698e-50,-0.03680434635780494
2025-09-12,-0.010834406560100533,-0.06728809009329013,-4.0963428623632183e-50,-0.031587179311174336
2025-09-14,-0.009127202888174403,-0.05668534283187527,-3.450872200236802e-50,-0.026609910994105982
2025-09-15,-0.0077283474223164405,-0.04799762079633921,-2.921983832308336e-50,-0.13288042210921944
2025-09-16,-0.006571433027269184,-0.04081249629391868,-2.484570117193595e-50,-0.11298855328430146
2025-09-17,-0.005607229116010954,-0.03482421818296283,-2.120017634523174e-50,-0.09641012898140554
2025-09-18,-0.004798472554787042,-0.029801360303918164,-1.814237696454443e-50,-0.21231560872426258
2025-09-19,-0.00411645050990189,-0.1279014707552873,-1.5563743681731996e-50,-0.18213852133450592
2025-09-21,-0.0034663508816364596,-0.10770234570991033,-1.3105804746823348e-50,-0.15337388910400704
2025-09-22,-0.0029340776543490886,-0.09116418292866008,-1.109335152815308e-50,-0.20659983333432058
2025-09-23,-0.002494141901485151,-0.07749502069926324,-9.430013835270842e-51,-0.28357908046083996
2025-09-24,-0.0021276791839675026,-0.06610872553192411,-8.044467770612441e-51,-0.24191298263579047
2025-09-25,-0.0018204312807149883,-0.056562282882377614,-6.882804925044624e-51,-0.20697949395738463
2025-09-26,-0.0015614251967913373,-0.04851475285894685,-5.903537886002063e-51,-0.17753100625542326
2025-09-29,-0.0012844342623483129,-0.03990841887875561,-4.85627255499304e-51,-0.14603767604892243
2025-09-30,-0.0010670054852359953,-0.1474165957355903,-4.0342037003162955e-51,-0.1213164472196721
2025-10-01,-0.000893301693777213,-0.12341782351038941,-3.377453113783931e-51,-0.10156666416798943
2025-10-02,-0.0007525690084005057,-0.10397431204392912,-2.845361828445702e-51,-0.08556563171424356
2025-10-03,-0.0006372473555527337,-0.11868903046486781,-2.4093462267619152e-51,-0.07245378420776354
2025-10-05,-0.0005300686215201371,-0.09872670356317832,-2.0041179018729523e-51,-0.0602677707239988
2025-10-06,-0.0004442413079213524,-0.08274113602856195,-1.6796164153301314e-51,-0.05050937219251395
2025-10-07,-0.0003745729149196796,-0.06976521082877561,-1.416209626207323e-51,-0.04258821148676796
2025-10-08,-0.0003173956001997568,-0.05911578248739637,-1.2000299178469254e-51,-0.03608726207332806
2025-10-09,-0.0002700446256133291,-0.05029653637164747,-1.0210022750341053e-51,-0.03070354841046544
2025-10-10,-0.00023053748717538942,-0.05610509571797205,-8.71631117827736e-52,-0.026211663653147137
2025-10-11,-0.00019736904498906854,-0.048033008846200966,-7.462257154626415e-52,-0.02244047632418457
2025-10-13,-0.00016587816845354194,-0.040369185214236034,-6.2716296236186736e-52,-0.04438854815379127
2025-10-14,-0.00014018522047050494,-0.034116383019127124,-5.30021394432367e-52,-0.03751318493155201
2025-10-15,-0.00011901057039746887,-0.028963183061506192,-4.4996290095737665e-52,-0.03184690598014264
2025-10-16,-0.00010141434894275554,-0.172535126414641,-3.834339630217961e-52,-0.05079488862528815
2025-10-17,-8.669078875791979e-05,-0.14748609396265405,-3.277661695555266e-52,-0.0434203739973965
2025-10-18,-7.429977285901045e-05,-0.1264053936789999,-2.8091741115481227e-52,-0.037214148950341794
2025-10-20,-6.251022795981534e-05,-0.10634796945097583,-2.3634273340902865e-52,-0.031309179620651814
2025-10-21,-5.287304927496503e-05,-0.16703715715468848,-1.999058617631125e-52,-0.026482254998424173
2025-10-22,-4.4918274425405725e-05,-0.1419063391879413,-1.6982993190397278e-52,-0.0525880804202301
2025-10-23,-3.829930432926092e-05,-0.12099561125919626,-1.448044994918382e-52,-0.044838919612790705
2025-10-24,-3.275495745272866e-05,-0.10347984560476609,-1.2384207240534904e-52,-0.0383478741941844
2025-10-25,-2.808475094926395e-05,-0.08872567446537896,-1.0618465206570432e-52,-0.032880228824344146
2025-10-27,-2.3637664197379613e-05,-0.0746763858610472,-8.937081738695252e-53,-0.027673800956501553
2025-10-28,-1.9999869499795978e-05,-0.0631838222028266,-7.5616806715923e-53,-0.023414851952872576
2025-10-29,-1.699538108798741e-05,-0.18889486791895962,-6.425724161884692e-53,-0.019897346433282233
2025-10-30,-1.449420744589789e-05,-0.16109561691547233,-5.480064172159391e-53,-0.01696909679952584
2025-10-31,-1.2398262947836604e-05,-0.13780027819508353,-4.687615851440001e-53,-0.04162883136221918
2025-11-01,-1.0632171185451415e-05,-0.118171081976335,-4.019880397265028e-53,-0.035698941307792956
2025-11-03,-8.949943702761228e-06,-0.09947399383766378,-3.383852895125101e-53,-0.061694737608112685
2025-11-04,-7.573481389806583e-06,-0.08417532736735026,-2.8634310760152037e-53,-0.05220635599974647
2025-11-05,-6.436396672986435e-06,-0.0715372190316551,-2.433514694549333e-53,-0.044368078400215775
2025-11-06,-5.4896237321097645e-06,-0.08454980535142698,-2.0755526264725013e-53,-0.03784167889405727
2025-11-07,-4.696121177289188e-06,-0.07232847838442269,-1.7755400223049051e-53,-0.03237181969305257
2025-11-10,-3.852151078683979e-06,-0.059329862988960785,-1.4564463211140067e-53,-0.026554072061134255
2025-11-11,-3.192990293064085e-06,-0.04917763419530594,-1.207226526347626e-53,-0.02201027233892703
2025-11-12,-2.668475975571768e-06,-0.04109919647131127,-1.0089147435334662e-53,-0.01839463247971728
2025-11-13,-2.2448742121253765e-06,-0.03457498854856734,-8.487566351449254e-54,-0.01547461415177002
2025-11-14,-1.8986581319324977e-06,-0.16804529772990784,-7.17857008934082e-54,-0.013088039338274926
2025-11-15,-1.6129167307663323e-06,-0.14275506879129632,-6.09822042491229e-54,-0.011118335242451146
2025-11-17,-1.3456881923634778e-06,-0.11910336523151491,-5.087865395466054e-54,-0.00927624605108817
2025-11-18,-1.1305295450713752e-06,-0.10006023243405611,-4.27437959518559e-54,-0.0077930907676971245
2025-11-19,-9.551114419720468e-07,-0.08453443194013636,-3.6111474277621436e-54,-0.006583879380245936
2025-11-21,-7.927941064434485e-07,-0.07016814634249387,-2.9974474939983334e-54,-0.005464975646628559
2025-11-24,-6.304074940672988e-07,-0.05579572923108553,-2.3834856338258912e-54,-0.004345594366216035
2025-11-25,-5.103332921020553e-07,-0.04516827361937258,-1.9295012854946608e-54,-0.003517885653203266
2025-11-26,-4.1872007677726845e-07,-0.03705982598136711,-1.583124085587966e-54,-0.002886367347769179
2025-11-27,-3.471368949684231e-07,-0.030724184563247298,-1.3124777384702786e-54,-0.0023929222753171562
2025-11-28,-2.901564932726862e-07,-0.0256809972686584,-1.0970425316722468e-54,-0.1497296433067749
2025-12-01,-2.3234906397343808e-07,-0.17994737435569474,-8.784804451491213e-55,-0.15974492870540483
2025-12-02,-1.8907793612637006e-07,-0.1631961799730124,-7.148781521029033e-55,-0.12999510697286473
2025-12-03,-1.5575740028759207e-07,-0.13443669446695056,-5.888977041696023e-55,-0.10708652911605884
2025-12-04,-1.2953541127075544e-07,-0.1118040778512184,-4.897559035086821e-55,-0.08905835334304459
2025-12-05,-1.0854452146521762e-07,-0.093686506331881,-4.1039218279856525e-55,-0.07462666965942974
2025-12-06,-9.151043129761263e-08,-0.0789841116388744,-3.459885873751786e-55,-0.06291536997587875
2025-12-08,-0.017155030377785103,-0.06543442317292465,-2.8663440240767503e-55,-0.05212226684153206
2025-12-09,-0.01433098531552138,-0.05466266960594373,-2.3944891506266117e-55,-0.1752372000705716
2025-12-10,-0.012051983556114173,-0.045969874416842776,-2.01370270314842e-55,-0.17917513339228772
2025-12-11,-0.010190460503894895,-0.03886946803675234,-1.7026705826038014e-55,-0.15150013370105447
2025-12-12,-0.008654866941231696,-0.03301225433394012,-1.4460963105203108e-55,-0.1588085455682337
2025-12-15,-0.007045629067496687,-0.026874139174888487,-1.1772171968656105e-55,-0.12928056692494747
2025-12-16,-0.0058056444818172575,-0.18053857401943976,-9.700346778703626e-56,-0.21212410518124236
2025-12-17,-0.004829330631998553,-0.30152775218821165,-8.069075188141441e-56,-0.2033585863904802
2025-12-18,-0.004047471050224493,-0.25271097400841974,-6.762707032252129e-56,-0.316143526125663
2025-12-19,-0.003412787712723045,-0.21308340350411448,-5.702247941498106e-56,-0.37947220013703453
2025-12-20,-0.0028918811944386807,-0.18055968882660614,-4.83189256881366e-56,-0.3215519427995599
2025-12-21,-0.0024604842151151936,-0.18345970129372913,-4.111093988771573e-56,-0.27358436477937986
2025-12-22,-0.013803703868365295,-0.15662146703046997,-3.509683963731379e-56,-0.2569681609531683
2025-12-23,-0.011817809119353104,-0.13408883724324241,-3.004756951334391e-56,-0.33509241571793286
2025-12-24,-0.010141782588431828,-0.11507207648409071,-2.578616004349605e-56,-0.2875689049401162
2025-12-25,-0.008721032133138185,-0.09895176394230545,-2.2173807056964853e-56,-0.24728371354901002
2025-12-26,-0.00751217445866267,-0.08523565816280504,-1.9100205627232963e-56,-0.21300671395389925
2025-12-29,-0.0062078975045642,-0.09821637480925431,-1.5783994301840403e-56,-0.17602411329585038
2025-12-30,-0.0051756674130638445,-0.08188525827879431,-1.3159480306489965e-56,-0.1467553654726049
2025-12-31,-0.004345641144866327,-0.0687532484479495,-1.1049083045907746e-56,-0.1232200803355175
2026-01-02,-0.0035866647647361874,-0.23139766959070546,-9.11933487426061e-57,-0.10169940538450914
2026-01-05,-0.0028359281177589048,-0.1829630591707765,-7.210536774846104e-57,-0.08041236697807318
2026-01-06,-0.0022862315320571567,-0.14749877208045292,-5.81289646746693e-57,-0.06482579293931587
2026-01-07,-0.0018698898878295209,-0.12063802747586935,-4.754320011383963e-57,-0.23512873975266022
2026-01-08,-0.0015464019875208114,-0.27276621425019704,-3.9318304049700404e-57,-0.19445185133271728
2026-01-09,-0.0012900412045826779,-0.2275473379110911,-3.280015980821473e-57,-0.16221584203261022
2026-01-10,-0.0010836767296370587,-0.1911471929029429,-2.75532051117992e-57,-0.13626660339588753
2026-01-12,-0.0008948032771609387,-0.15783224826369696,-2.275097135156046e-57,-0.11251676810211386
2026-01-13,-0.0007455413896216075,-0.29831401834365456,-1.8955888103696593e-57,-0.0937478770895186
2026-01-14,-0.0006256567604857569,-0.4111466053089352,-1.5907741284637032e-57,-0.07867302057101672
2026-01-15,-0.0005281082397455657,-0.347043177218269,-1.3427504949574948e-57,-0.06640681126336548
2026-01-16,-0.0004478917570501348,-0.2943293944654969,-1.1387947265435566e-57,-0.05632001385014403
2026-01-19,-0.00036407207044841555,-0.23924778777495395,-9.256775713825902e-58,-0.04578013264890294
2026-01-20,-0.0002996550585333346,-0.28538392324147394,-7.618930133640859e-58,-0.03768003492186182
2026-01-21,-0.0002490391693932165,-0.23717862648505186,-6.3319873238041574e-58,-0.0313153552140151
2026-01-22,-0.0002085700931663813,-0.19863689853925875,-5.303034013773705e-58,-0.026226583434402352
2026-01-23,-0.00017576164176976095,-0.1673909565522552,-4.468857209927107e-58,-0.022101094612663207
2026-01-24,-0.00014886320398461495,-0.29481285776473126,-3.784946452030407e-58,-0.01871875866930025
2026-01-25,-0.00012660632088452476,-0.4002470239542428,-3.21905032412194e-58,-0.015920073619336703
2026-01-26,-0.00010804942096029662,-0.34158214911546303,-2.747228741293791e-58,-0.013586641837444634
2026-01-27,-9.247903661198926e-05,-0.29235869839282624,-2.3513413129809726e-58,-0.011628748555540414
2026-01-28,-7.934489023585879e-05,-0.3786577137359035,-2.017396863337656e-58,-0.009977199282373757
2026-01-29,-6.821602323650366e-05,-0.3255474085616166,-1.7344379820503716e-58,-0.008577803259396864
2026-01-30,-5.875040748237143e-05,-0.2803746392766902,-1.4937683752844939e-58,-0.007387552262406097
2026-01-31,-5.067343157432999e-05,-0.24182887757549448,-1.2884058646842516e-58,-0.006371915363874708
2026-02-02,-4.289250505918759e-05,-0.20469595274299715,-1.0905706077591e-58,-0.005393505106927914
2026-02-03,-3.6461340417880444e-05,-0.17400449810114563,-9.270539485714163e-59,-0.004584820249549679
2026-02-04,-3.110419766738039e-05,-0.148438599402045,-7.908450137655983e-59,-0.003911187950771764
2026-02-05,-2.6612661529966326e-05,-0.1270036361687508,-6.766447056140373e-59,-0.0033464010943812213
2026-02-06,-2.2826334877537085e-05,-0.108934144996675,-5.803748199354962e-59,-0.002870290591900787
2026-02-07,-1.9619835696706433e-05,-0.09363176515469425,-4.988474352422467e-59,-0.002467090319888093
2026-02-08,-1.6893817522429506e-05,-0.08062238538989974,-4.295366012636484e-59,-0.0021243079870713814
2026-02-09,-1.4568629492864724e-05,-0.06952588779989888,-3.7041714160379617e-59,-0.001831927919861037
2026-02-10,-1.2579750714578613e-05,-0.06003435924846961,-3.1984856942547204e-59,-0.0015818369579798318
2026-02-11,-1.0874443411315382e-05,-0.16034388365542535,-2.7648999152078855e-59,-0.0013674036056647847
2026-02-12,-9.40925973028151e-06,-0.27347615101066447,-2.3923671719468204e-59,-0.0011831645257756765
2026-02-13,-8.14815710822029e-06,-0.2797116413287828,-2.0717234018778807e-59,-0.0010245875570707341
2026-02-14,-7.0610545069077194e-06,-0.2423933558726566,-1.7953202999900368e-59,-0.0008878901684746803
2026-02-17,-5.87333495129311e-06,-0.20162107056606932,-1.4933346650110091e-59,-0.0007385407313185637
2026-02-18,-4.922259727414613e-06,-0.1689723613714697,-1.2515174329564725e-59,-0.0006189480642551016
2026-02-19,-4.1502686090815225e-06,-0.24010215303805102,-1.0552335316214052e-59,-0.000521874274009301
2026-02-20,-3.5167056280834453e-06,-0.20344914328104904,-8.941459093696152e-60,-0.00044220708812546674
2026-02-22,-2.927098276124924e-06,-0.16933906319068245,-7.44234299572671e-60,-0.0003680670895527007
2026-02-23,-2.4544052964395816e-06,-0.14199273628064196,-6.240489503076758e-60,-0.00030862845344544057
2026-02-24,-2.0703515967438735e-06,-0.11977438637013443,-5.264007303887591e-60,-0.00026033573685579317
2026-02-25,-1.7549176593605236e-06,-0.10152584039860685,-4.461995436487181e-60,-0.0002206715915738179
2026-02-26,-1.4935304193676488e-06,-0.08640401455783264,-3.797400909340432e-60,-0.13423883136154413
2026-02-27,-1.2753297284833542e-06,-0.07378062542078505,-3.2426110696172126e-60,-0.11462690691276668
2026-02-28,-1.0920586226653278e-06,-0.19251238164471066,-2.7766320343968504e-60,-0.09815446098979304
2026-03-02,-9.17989672333488e-07,-0.1618268236505892,-2.3340500945138116e-60,-0.0825091067567201
2026-03-03,-7.759208502961236e-07,-0.13678237391114212,-1.9728306195050402e-60,-0.06973993085250141
2026-03-04,-6.588031238170735e-07,-0.11613640125972215,-1.6750509725262194e-60,-0.05921336471739374
2026-03-05,-5.614552716458086e-07,-0.09897553967177176,-1.42753755226792e-60,-0.05046371908475922
2026-03-06,-4.799841621562706e-07,-0.09767312572669812,-1.2203918113786686e-60,-0.0431410784570347
2026-03-07,-4.1140880906407145e-07,-0.08371856302980148,-1.0460343930001978e-60,-0.03697751115373223
2026-03-08,-3.534092081616281e-07,-0.07191608545305535,-8.985665313803642e-61,-0.031764494703838686
2026-03-09,-3.041541179796456e-07,-0.061893049287836364,-7.73332172694923e-61,-0.027337436735085527
2026-03-10,-2.621802301905129e-07,-0.053351682420961485,-6.666107577226783e-61,-0.07759261220013496
2026-03-11,-2.2630564538787587e-07,-0.1828832467291684,-5.753972282323158e-61,-0.06697547777924757
2026-03-12,-1.9556676811997957e-07,-0.15804239193773295,-4.9724157838714215e-61,-0.057878263311237216
2026-03-13,-1.691715139663468e-07,-0.1367117275188923,-4.301298806101962e-61,-0.050066550284749295
2026-03-15,-1.43597961425536e-07,-0.14741274663922105,-3.65107414101173e-61,-0.04249802101983482
2026-03-16,-1.223518120329246e-07,-0.1256021776981281,-3.1108765931262006e-61,-0.03621019287440557
2026-03-17,-1.0457808029948323e-07,-0.10735627373928994,-2.658967584968739e-61,-0.030950031676362455
2026-03-18,-8.962285414714635e-08,-0.09200375103046374,-2.278720964921182e-61,-0.02652401121570309
2026-03-19,-7.697772197102839e-08,-0.07902269163942105,-1.9572100281392505e-61,-0.02278166635450587
2026-03-20,-6.62417280833062e-08,-0.20747033207506999,-1.684240208286697e-61,-0.01960433368641063
2026-03-21,-5.709471846479508e-08,-0.17882172676302627,-1.4516713754551145e-61,-0.016897263173869293
2026-03-22,-4.9278278307524294e-08,-0.1543404899052794,-1.252933160443783e-61,-0.01458397658674576
2026-03-23,-4.258184503321783e-08,-0.13336713556597685,-1.0826718689733665e-61,-0.012602157630374491
2026-03-24,-3.6832421631259464e-08,-0.2368783133472339,-9.364889364287198e-62,-0.06490882069418934
2026-03-25,-3.188684074617745e-08,-0.2050720729020957,-8.107442371129966e-62,-0.0830478494229164
2026-03-26,-2.762586620830549e-08,-0.29793389720732355,-7.0240611172253965e-62,-0.07195033196633074
2026-03-27,-2.3949638472162396e-08,-0.378052004251967,-6.089355645737046e-62,-0.06237576138074647
2026-03-30,-1.992980894469357e-08,-0.3985203781146195,-5.067287122387738e-62,-0.05190629530976092
2026-03-31,-1.6708377136381173e-08,-0.47957897780541925,-4.248216555117801e-62,-0.04351622036089686
2026-04-01,-1.4091877566978858e-08,-0.40447783670237253,-3.582954052574063e-62,-0.0367016643506437
2026-04-02,-1.1943443808316552e-08,-0.34281154455132745,-3.0367004106659075e-62,-0.031106164793169144
2026-04-06,-9.4381257785089e-09,-0.270901636724524,-2.399706557630989e-62,-0.02458117612614588
2026-04-07,-7.605522878535483e-09,-0.2183006080118783,-1.933755022357578e-62,-0.019808243903086525
2026-04-08,-6.218524488958806e-09,-0.17848972365958662,-1.581101411990392e-62,-0.016195868681461605
2026-04-09,-5.141464853689515e-09,-0.14757498222768478,-1.3072518013398653e-62,-0.013390715072129258
2026-04-10,-4.28828262492282e-09,-0.2724334947160345,-1.09032451754718e-62,-0.01116864014696068
2026-04-11,-3.6017323237275556e-09,-0.22881713026143224,-9.157645150016222e-63,-0.009380550618468982
2026-04-13,-2.9735613520377746e-09,-0.18890958962919738,-7.56047847153236e-63,-0.0077445074405322065
2026-04-14,-2.477261370001735e-09,-0.15737977912935494,-6.298602597663486e-63,-0.006451916352414888
2026-04-15,-2.0787231261390775e-09,-0.27685145146342055,-5.28529247687481e-63,-0.15020464603047146
2026-04-16,-1.7544914586656866e-09,-0.2336691696955081,-4.460911792736006e-63,-0.1267762720289923
2026-04-17,-1.48790401147519e-09,-0.1981641422252557,-3.783095391240445e-63,-0.10751316159456475
2026-04-20,-1.2093765722257166e-09,-0.1610689057991193,-3.074920761941614e-63,-0.0873872896608911
2026-04-21,-9.95347081470386e-10,-0.132563726621339,-2.53073647732284e-63,-0.07192191887882976
2026-04-22,-8.271873676804936e-10,-0.1101676411326118,-2.1031791662835845e-63,-0.05977101240707185
2026-04-23,-6.927474216826146e-10,-0.0922624695798677,-1.7613566184708816e-63,-0.050056633302398304
2026-04-24,-5.837624552389424e-10,-0.07774747921476598,-1.484255057424095e-63,-0.04218158342131118
2026-04-25,-4.944137582444978e-10,-0.06584771433591873,-1.2570800238156462e-63,-0.035725413652198564
2026-04-26,-4.2048570085784517e-10,-0.08590706282237479,-1.0691129970277303e-63,-0.030383510465646146
2026-04-27,-3.5884935106575683e-10,-0.07331448770524637,-9.123984582987504e-64,-0.025929783085258337
2026-04-28,-3.07133990082325e-10,-0.06274881387657216,-7.809086966717322e-64,-0.022192927804640886
2026-04-29,-2.6351128326063257e-10,-0.05383650459288478,-6.699950491126003e-64,-0.019040832581063257
2026-04-30,-2.2654943271154724e-10,-0.14727704062541758,-5.760170737959483e-64,-0.016370038376416925
2026-05-01,-1.9511216223289374e-10,-0.12684005207938137,-4.9608571253625294e-64,-0.01409843999708836
2026-05-03,-1.6491571241852802e-10,-0.10720970600954086,-4.1930922074409057e-64,-0.011916500998714878
2026-05-04,-1.400227712770553e-10,-0.09102710665407603,-3.5601725420563257e-64,-0.010117783619860784
2026-05-05,-1.1933198312138292e-10,-0.15145993069017286,-3.0340954247881875e-64,-0.008622705958033534
2026-05-06,-1.020158124675645e-10,-0.129481698715441,-2.5938202128849376e-64,-0.007371471846595639
2026-05-07,-8.744062206360978e-11,-0.11098240564550553,-2.223236255731781e-64,-0.006318295842574856
2026-05-08,-7.511327943614848e-11,-0.09533615213398788,-1.9098053306148193e-64,-0.005427545115568087
2026-05-11,-6.188860675705543e-11,-0.07855097891401197,-1.573559189216641e-64,-0.004471954996973757
2026-05-12,-5.1477604590168396e-11,-0.0653370053809651,-1.3088525010701699e-64,-0.003719675448227777
2026-05-13,-4.3141179615761114e-11,-0.10657783166457452,-1.0968933245582796e-64,-0.0031173009680986463
2026-05-14,-3.6374645380010514e-11,-0.08986149351263997,-9.248496692921104e-65,-0.0026283638571608686
2026-05-15,-3.0821554234924666e-11,-0.07614289753195012,-7.836586155944726e-65,-0.0022271078749022868
2026-05-18,-2.502978607639331e-11,-0.061834663558331934,-6.363990393134088e-65,-0.0018086055379611652
2026-05-19,-2.058615604263732e-11,-0.0508569281803157,-5.2341677586475465e-65,-0.0014875171409939423
2026-05-20,-1.7099092799346e-11,-0.042242336677318144,-4.347558623722225e-65,-0.0012355484715938611
2026-05-21,-1.4313936087688036e-11,-0.0353617653573328,-3.639413915562647e-65,-0.0010342982556543348
2026-05-22,-1.205786410895728e-11,-0.036092814535140745,-3.0657925368165117e-65,-0.000871278713165324
2026-05-25,-9.732736293986863e-12,-0.029133007537989124,-2.474613250181043e-65,-0.0007032693250791356
2026-05-26,-7.967827161472737e-12,-0.023850103582894123,-2.0258733077063534e-65,-0.0005757402914181638
2026-05-27,-6.594234975493518e-12,-0.019738528965077856,-1.676628314202381e-65,-0.00047648708857895786
2026-05-28,-5.504246762472946e-12,-0.01647586635231741,-1.3994915262521799e-65,-0.14916242716382286
2026-05-29,-4.625910848385932e-12,-0.013846742739691343,-1.1761687498555283e-65,-0.1253599483753334
2026-06-01,-3.724957899266521e-12,-0.011149919537537424,-9.470954411439763e-66,-0.10094455886785474
2026-06-02,-3.0439548480412445e-12,-0.009111472545297733,-7.739458639775876e-66,-0.08248970529564795
2026-06-03,-2.5156506934045995e-12,-0.007530099285560966,-6.396210018114103e-66,-0.06817291802448117
2026-06-04,-2.0974831674959777e-12,-0.006278398087002366,-5.332991135826881e-66,-0.056840780164877466
2026-06-05,-1.761193815423135e-12,-0.005271782893396791,-4.4779529827348256e-66,-0.04772750124603809
2026-06-06,-1.487280302613864e-12,-0.004451877350660594,-3.7815095697757817e-66,-0.040304577426168636
2026-06-07,-1.2618465899958828e-12,-0.003777086433632037,-3.2083292888853786e-66,-0.034195432762105245
2026-06-08,-1.074722985812044e-12,-0.0032169691956265723,-2.732555019093388e-66,-0.029124473522050453
2026-06-09,-9.182962984853791e-13,-0.002748737064047507,-2.3348297119979414e-66,-0.15588101960809056
2026-06-10,-7.867555976446923e-13,-0.0023549961762447916,-2.0003786887645532e-66,-0.1335519537054738
2026-06-11,-6.755908523375057e-13,-0.013325858157123015,-1.7177348942746907e-66,-0.11468171120145933
2026-06-12,-5.812506718500972e-13,-0.011465022032206767,-1.4778686802862905e-66,-0.09866744266020083
2026-06-14,-4.908144728137502e-13,-0.009681190950927336,-1.2479286000545674e-66,-0.08331587591805259
2026-06-15,-4.1639445498434187e-13,-0.008213274980463854,-1.0587107309614298e-66,-0.20714606113395714
2026-06-16,-3.546281508035163e-13,-0.006994950301324764,-9.016657745137585e-67,-0.17641883489762072
2026-06-17,-3.0299911265715964e-13,-0.005976580622773615,-7.703954944692745e-67,-0.1507346506724615
2026-06-18,-2.5958709900593287e-13,-0.005120289667634494,-6.600175483774462e-67,-0.12913823523968787
2026-06-19,-2.2290208391209966e-13,-0.004396687052322411,-5.667434457076983e-67,-0.11088833712417843
2026-06-21,-1.8786938415379574e-13,-0.0037056759377920804,-4.776704652088082e-67,-0.0934604254914597
2026-06-22,-1.5913896249988948e-13,-0.003138975659909949,-4.046214479946357e-67,-0.07916774313441864
2026-06-23,-1.3536049221504813e-13,-0.002669951366415131,-3.441630980933247e-67,-0.20181611988710133
2026-06-24,-1.1553098720649263e-13,-0.0022788194110967635,-2.9374525633075715e-67,-0.22960367731386733
2026-06-25,-9.889002500212781e-14,-0.0069919439383623995,-2.514344977498171e-67,-0.19653180448953023
2026-06-26,-8.485083450751111e-14,-0.005999313661686484,-2.157389176268269e-67,-0.16863063405884307
2026-06-29,-6.982557167680275e-14,-0.004936963891128607,-1.775361826865044e-67,-0.1387697657155997
2026-06-30,-5.802310180464185e-14,-0.0041024792433738445,-1.4752761423432461e-67,-0.11531380338411899
2026-07-01,-4.8588967217395646e-14,-0.0034354459390585524,-1.23540696528546e-67,-0.09656461716246831
2026-07-02,-4.094219360660999e-14,-0.0028947866319665393,-1.0409826356128692e-67,-0.08136759181822062
2026-07-03,-3.467390090977683e-14,-0.0024515917685355624,-8.816071044667117e-68,-0.06891012834047697
2026-07-06,-2.8143079902535467e-14,-0.0019898350407652077,-7.155566155711578e-68,-0.09360087455614693
2026-07-07,-2.3137186249951138e-14,-0.0016358971407644679,-5.882784238324606e-68,-0.07695180752298456
2026-07-08,-1.9211787583234918e-14,-0.0013583548162194824,-4.8847253924376146e-68,-0.06389635128085984
2026-07-09,-1.6078352069041582e-14,-0.0011368076434966304,-4.088028471058852e-68,-0.05347487980334174
2026-07-10,-1.354134937875355e-14,-0.14296840378077874,-3.4429785813366267e-68,-0.04503708012453459
2026-07-11,-1.1463546313707424e-14,-0.12103113746620131,-2.9146832653311327e-68,-0.038126529299347955
2026-07-13,-9.53335556918989e-15,-0.10065234935450237,-2.423919368367138e-68,-0.06538220275143874
2026-07-14,-7.988307450709219e-15,-0.08433986401162662,-2.0310805581219907e-68,-0.054785865647459686
2026-07-15,-6.734556639407117e-15,-0.07110287062070525,-1.712306035073395e-68,-0.07757696875414671
2026-07-16,-5.70586753533043e-15,-0.060242059405888136,-1.4507549552565323e-68,-0.0657272529142464
2026-07-17,-4.854152113950616e-15,-0.051249721134105516,-1.2342006170451714e-68,-0.05591613925530425
2026-07-20,-3.95853007493615e-15,-0.04179382056413064,-1.0064827278562222e-68,-0.04559925476589454
2026-07-22,-3.1834860970815912e-15,-0.18045411215229268,-8.094226165844452e-69,-0.03667133780380542
2026-07-23,-2.598966498078277e-15,-0.14732094867768122,-6.608046019796755e-69,-0.02993811673283995
2026-07-24,-2.1462877844740586e-15,-0.12166111136016407,-5.457080136284632e-69,-0.024723602355538138
2026-07-27,-1.6980096603534785e-15,-0.0962507189731414,-4.317303045642143e-69,-0.019559779421066344
2026-07-28,-1.3694515066478396e-15,-0.07762658552028907,-3.4819219811029547e-69,-0.015775039461378905
2026-07-29,-1.1204178192828122e-15,-0.06351025154582476,-2.8487371871455937e-69,-0.07109811102954607
2026-07-30,-9.268154363254234e-16,-0.05253600976755185,-2.3564901893213806e-69,-0.05881272652191653
2026-07-31,-7.733198628904798e-16,-0.04383519984446084,-1.9662174351926932e-69,-0.049072391144523914
2026-08-03,-6.181479745795724e-16,-0.11530208856944246,-1.5716825384576164e-69,-0.03922568221690694
2026-08-04,-5.02357513958845e-16,-0.09370389122022664,-1.2772775536296107e-69,-0.10521312729217358
2026-08-05,-4.1340435468042404e-16,-0.07711160996810724,-1.0511082010993834e-69,-0.08658288924427962
2026-08-06,-3.4352982176362385e-16,-0.06407803238726831,-8.73447531187927e-70,-0.07194845475892474
2026-08-07,-2.8767593467708493e-16,-0.053659701986396406,-7.314352903509293e-70,-0.06025048674111155
2026-08-08,-2.424035005943416e-16,-0.045215111986869096,-6.163271009732712e-70,-0.050768684961265104
