data,close,ticker
2023-07-31,36.4900016784668,ISUS11
2023-08-01,36.47999954223633,ISUS11
2023-08-02,36.40999984741211,ISUS11
2023-08-03,36.279998779296875,ISUS11
2023-08-04,36.2599983215332,ISUS11
2023-08-07,36.08000183105469,ISUS11
2023-08-08,35.970001220703125,ISUS11
2023-08-09,35.63999938964844,ISUS11
2023-08-10,35.779998779296875,ISUS11
2023-08-11,35.540000915527344,ISUS11
2023-08-14,35.2599983215332,ISUS11
2023-08-15,35.18000030517578,ISUS11
2023-08-16,34.900001525878906,ISUS11
2023-08-17,34.52000045776367,ISUS11
2023-08-18,34.7599983215332,ISUS11
2023-08-21,34.41999816894531,ISUS11
2023-08-22,34.900001525878906,ISUS11
2023-08-23,35.119998931884766,ISUS11
2023-08-24,34.83000183105469,ISUS11
2023-08-25,34.369998931884766,ISUS11
2023-08-28,34.59000015258789,ISUS11
2023-08-29,34.84000015258789,ISUS11
2023-08-30,34.4900016784668,ISUS11
2023-08-31,33.779998779296875,ISUS11
2023-09-01,34.220001220703125,ISUS11
2023-09-04,34.15999984741211,ISUS11
2023-09-05,33.790000915527344,ISUS11
2023-09-06,33.470001220703125,ISUS11
2023-09-08,33.2400016784668,ISUS11
2023-09-11,33.279998779296875,ISUS11
2023-09-12,34.13999938964844,ISUS11
2023-09-13,34.290000915527344,ISUS11
2023-09-14,34.33000183105469,ISUS11
2023-09-15,34.09000015258789,ISUS11
2023-09-18,34.060001373291016,ISUS11
2023-09-19,33.849998474121094,ISUS11
2023-09-20,34.150001525878906,ISUS11
2023-09-21,33.709999084472656,ISUS11
2023-09-22,33.25,ISUS11
2023-09-25,33.27000045776367,ISUS11
2023-09-26,32.779998779296875,ISUS11
2023-09-27,32.52000045776367,ISUS11
2023-09-28,32.970001220703125,ISUS11
2023-09-29,33.150001525878906,ISUS11
2023-10-02,32.720001220703125,ISUS11
2023-10-03,32.060001373291016,ISUS11
2023-10-04,32.38999938964844,ISUS11
2023-10-05,32.22999954223633,ISUS11
2023-10-06,32.20000076293945,ISUS11
2023-10-09,32.43000030517578,ISUS11
2023-10-10,33.099998474121094,ISUS11
2023-10-11,33.099998474121094,ISUS11
2023-10-13,32.31999969482422,ISUS11
2023-10-16,32.45000076293945,ISUS11
2023-10-17,31.950000762939453,ISUS11
2023-10-18,31.25,ISUS11
2023-10-19,31.350000381469727,ISUS11
2023-10-20,31.290000915527344,ISUS11
2023-10-23,31.639999389648438,ISUS11
2023-10-24,31.75,ISUS11
2023-10-25,31.350000381469727,ISUS11
2023-10-26,31.899999618530273,ISUS11
2023-10-27,31.100000381469727,ISUS11
2023-10-30,30.729999542236328,ISUS11
2023-10-31,30.950000762939453,ISUS11
2023-11-01,31.450000762939453,ISUS11
2023-11-03,32.619998931884766,ISUS11
2023-11-06,32.650001525878906,ISUS11
2023-11-07,33.400001525878906,ISUS11
2023-11-08,33.41999816894531,ISUS11
2023-11-09,33.29999923706055,ISUS11
2023-11-10,33.79999923706055,ISUS11
2023-11-13,33.70000076293945,ISUS11
2023-11-14,34.54999923706055,ISUS11
2023-11-16,35.349998474121094,ISUS11
2023-11-17,35.04999923706055,ISUS11
2023-11-20,35.349998474121094,ISUS11
2023-11-21,34.9900016784668,ISUS11
2023-11-22,35.20000076293945,ISUS11
2023-11-23,35.400001525878906,ISUS11
2023-11-24,34.95000076293945,ISUS11
2023-11-27,35.0,ISUS11
2023-11-28,35.20000076293945,ISUS11
2023-11-29,35.25,ISUS11
2023-11-30,35.5,ISUS11
2023-12-01,35.75,ISUS11
2023-12-04,35.58000183105469,ISUS11
2023-12-05,35.70000076293945,ISUS11
2023-12-06,35.54999923706055,ISUS11
2023-12-07,35.599998474121094,ISUS11
2023-12-08,35.810001373291016,ISUS11
2023-12-11,35.75,ISUS11
2023-12-12,35.70000076293945,ISUS11
2023-12-13,36.849998474121094,ISUS11
2023-12-14,37.08000183105469,ISUS11
2023-12-15,36.79999923706055,ISUS11
2023-12-18,36.95000076293945,ISUS11
2023-12-19,37.25,ISUS11
2023-12-20,36.95000076293945,ISUS11
2023-12-21,37.20000076293945,ISUS11
2023-12-22,37.5,ISUS11
2023-12-26,37.54999923706055,ISUS11
2023-12-27,37.79999923706055,ISUS11
2023-12-28,37.79999923706055,ISUS11
2024-01-02,37.04999923706055,ISUS11
2024-01-03,37.0,ISUS11
2024-01-04,36.5,ISUS11
2024-01-05,36.95000076293945,ISUS11
2024-01-08,37.31999969482422,ISUS11
2024-01-09,37.20000076293945,ISUS11
2024-01-10,37.150001525878906,ISUS11
2024-01-11,36.79999923706055,ISUS11
2024-01-12,37.04999923706055,ISUS11
2024-01-15,37.150001525878906,ISUS11
2024-01-16,36.400001525878906,ISUS11
2024-01-17,36.20000076293945,ISUS11
2024-01-18,35.75,ISUS11
2024-01-19,36.099998474121094,ISUS11
2024-01-22,35.70000076293945,ISUS11
2024-01-23,36.20000076293945,ISUS11
2024-01-24,35.900001525878906,ISUS11
2024-01-25,36.04999923706055,ISUS11
2024-01-26,36.09000015258789,ISUS11
2024-01-29,35.900001525878906,ISUS11
2024-01-30,35.5,ISUS11
2024-01-31,35.900001525878906,ISUS11
2024-02-01,36.04999923706055,ISUS11
2024-02-02,35.66999816894531,ISUS11
2024-02-05,35.650001525878906,ISUS11
2024-02-06,36.06999969482422,ISUS11
2024-02-07,36.45000076293945,ISUS11
2024-02-08,35.959999084472656,ISUS11
2024-02-09,36.04999923706055,ISUS11
2024-02-14,35.58000183105469,ISUS11
2024-02-15,35.79999923706055,ISUS11
2024-02-16,35.95000076293945,ISUS11
2024-02-19,35.900001525878906,ISUS11
2024-02-20,36.400001525878906,ISUS11
2024-02-21,36.349998474121094,ISUS11
2024-02-22,36.54999923706055,ISUS11
2024-02-23,36.25,ISUS11
2024-02-26,36.29999923706055,ISUS11
2024-02-27,37.04999923706055,ISUS11
2024-02-28,36.900001525878906,ISUS11
2024-02-29,36.599998474121094,ISUS11
2024-03-01,36.70000076293945,ISUS11
2024-03-04,36.25,ISUS11
2024-03-05,36.349998474121094,ISUS11
2024-03-06,36.400001525878906,ISUS11
2024-03-07,36.400001525878906,ISUS11
2024-03-08,36.56999969482422,ISUS11
2024-03-11,36.45000076293945,ISUS11
2024-03-12,36.849998474121094,ISUS11
2024-03-13,36.95000076293945,ISUS11
2024-03-14,36.95000076293945,ISUS11
2024-03-15,36.70000076293945,ISUS11
2024-03-18,36.720001220703125,ISUS11
2024-03-19,36.849998474121094,ISUS11
2024-03-20,37.400001525878906,ISUS11
2024-03-21,37.349998474121094,ISUS11
2024-03-22,36.900001525878906,ISUS11
2024-03-25,36.75,ISUS11
2024-03-26,36.900001525878906,ISUS11
2024-03-27,37.04999923706055,ISUS11
2024-03-28,37.0,ISUS11
2024-04-01,36.599998474121094,ISUS11
2024-04-02,36.54999923706055,ISUS11
2024-04-03,36.54999923706055,ISUS11
2024-04-04,36.70000076293945,ISUS11
2024-04-05,36.45000076293945,ISUS11
2024-04-08,36.900001525878906,ISUS11
2024-04-09,37.650001525878906,ISUS11
2024-04-10,36.65999984741211,ISUS11
2024-04-11,36.29999923706055,ISUS11
2024-04-12,35.75,ISUS11
2024-04-15,35.380001068115234,ISUS11
2024-04-16,35.02000045776367,ISUS11
2024-04-17,34.75,ISUS11
2024-04-18,34.77000045776367,ISUS11
2024-04-19,35.099998474121094,ISUS11
2024-04-22,35.11000061035156,ISUS11
2024-04-23,34.869998931884766,ISUS11
2024-04-24,34.720001220703125,ISUS11
2024-04-25,34.45000076293945,ISUS11
2024-04-26,35.04999923706055,ISUS11
2024-04-29,35.20000076293945,ISUS11
2024-04-30,34.79999923706055,ISUS11
2024-05-02,35.349998474121094,ISUS11
2024-05-03,35.95000076293945,ISUS11
2024-05-06,35.79999923706055,ISUS11
2024-05-07,35.900001525878906,ISUS11
2024-05-08,36.099998474121094,ISUS11
2024-05-09,35.36000061035156,ISUS11
2024-05-10,35.150001525878906,ISUS11
2024-05-13,35.25,ISUS11
2024-05-14,35.349998474121094,ISUS11
2024-05-15,35.75,ISUS11
2024-05-16,35.75,ISUS11
2024-05-17,35.650001525878906,ISUS11
2024-05-20,35.599998474121094,ISUS11
2024-05-21,35.599998474121094,ISUS11
2024-05-22,34.88999938964844,ISUS11
2024-05-23,34.72999954223633,ISUS11
2024-05-24,34.54999923706055,ISUS11
2024-05-27,34.54999923706055,ISUS11
2024-05-28,34.29999923706055,ISUS11
2024-05-29,34.11000061035156,ISUS11
2024-05-31,33.619998931884766,ISUS11
2024-06-03,33.79999923706055,ISUS11
2024-06-04,33.70000076293945,ISUS11
2024-06-05,33.599998474121094,ISUS11
2024-06-06,34.04999923706055,ISUS11
2024-06-07,33.5,ISUS11
2024-06-10,33.20000076293945,ISUS11
2024-06-11,33.599998474121094,ISUS11
2024-06-12,33.04999923706055,ISUS11
2024-06-13,32.900001525878906,ISUS11
2024-06-14,33.099998474121094,ISUS11
2024-06-17,32.70000076293945,ISUS11
2024-06-18,32.79999923706055,ISUS11
2024-06-19,33.15999984741211,ISUS11
2024-06-20,33.099998474121094,ISUS11
2024-06-21,33.439998626708984,ISUS11
2024-06-24,33.79999923706055,ISUS11
2024-06-25,33.650001525878906,ISUS11
2024-06-26,33.65999984741211,ISUS11
2024-06-27,34.25,ISUS11
2024-06-28,34.0099983215332,ISUS11
2024-07-01,34.040000915527344,ISUS11
2024-07-02,34.11000061035156,ISUS11
2024-07-03,34.29999923706055,ISUS11
2024-07-04,34.91999816894531,ISUS11
2024-07-05,34.95000076293945,ISUS11
2024-07-08,35.040000915527344,ISUS11
2024-07-09,35.150001525878906,ISUS11
2024-07-10,35.29999923706055,ISUS11
2024-07-11,35.70000076293945,ISUS11
2024-07-12,35.79999923706055,ISUS11
2024-07-15,35.900001525878906,ISUS11
2024-07-16,35.900001525878906,ISUS11
2024-07-17,36.119998931884766,ISUS11
2024-07-18,35.34000015258789,ISUS11
2024-07-19,35.119998931884766,ISUS11
2024-07-22,35.66999816894531,ISUS11
2024-07-23,35.13999938964844,ISUS11
2024-07-24,34.72999954223633,ISUS11
2024-07-25,34.689998626708984,ISUS11
2024-07-26,34.900001525878906,ISUS11
2024-07-29,34.90999984741211,ISUS11
2024-07-30,34.58000183105469,ISUS11
2024-07-31,34.959999084472656,ISUS11
2024-08-01,35.0,ISUS11
2024-08-02,35.0099983215332,ISUS11
2024-08-05,34.79999923706055,ISUS11
2024-08-06,35.04999923706055,ISUS11
2024-08-07,35.599998474121094,ISUS11
2024-08-08,35.849998474121094,ISUS11
2024-08-09,36.310001373291016,ISUS11
2024-08-12,36.54999923706055,ISUS11
2024-08-13,36.79999923706055,ISUS11
2024-08-14,37.119998931884766,ISUS11
2024-08-15,37.20000076293945,ISUS11
2024-08-16,37.150001525878906,ISUS11
2024-08-19,37.95000076293945,ISUS11
2024-08-20,37.84000015258789,ISUS11
2024-08-21,37.849998474121094,ISUS11
2024-08-22,37.25,ISUS11
2024-08-23,37.849998474121094,ISUS11
2024-08-26,38.04999923706055,ISUS11
2024-08-27,37.790000915527344,ISUS11
2024-08-28,37.54999923706055,ISUS11
2024-08-29,36.97999954223633,ISUS11
2024-08-30,36.900001525878906,ISUS11
2024-09-02,36.650001525878906,ISUS11
2024-09-03,36.83000183105469,ISUS11
2024-09-04,37.45000076293945,ISUS11
2024-09-05,37.560001373291016,ISUS11
2024-09-06,37.130001068115234,ISUS11
2024-09-09,37.0,ISUS11
2024-09-10,36.95000076293945,ISUS11
2024-09-11,37.04999923706055,ISUS11
2024-09-12,36.849998474121094,ISUS11
2024-09-13,37.20000076293945,ISUS11
2024-09-16,37.380001068115234,ISUS11
2024-09-17,37.369998931884766,ISUS11
2024-09-18,37.119998931884766,ISUS11
2024-09-19,37.0,ISUS11
2024-09-20,36.099998474121094,ISUS11
2024-09-23,35.939998626708984,ISUS11
2024-09-24,36.18000030517578,ISUS11
2024-09-25,35.88999938964844,ISUS11
2024-09-26,36.22999954223633,ISUS11
2024-09-27,36.43000030517578,ISUS11
2024-09-30,36.0099983215332,ISUS11
2024-10-01,35.88999938964844,ISUS11
2024-10-02,36.25,ISUS11
2024-10-03,36.04999923706055,ISUS11
2024-10-04,35.810001373291016,ISUS11
2024-10-07,35.650001525878906,ISUS11
2024-10-08,35.849998474121094,ISUS11
2024-10-09,35.25,ISUS11
2024-10-10,35.27000045776367,ISUS11
2024-10-11,35.150001525878906,ISUS11
2024-10-14,35.5,ISUS11
2024-10-15,35.650001525878906,ISUS11
2024-10-16,35.9900016784668,ISUS11
2024-10-17,35.54999923706055,ISUS11
2024-10-18,35.720001220703125,ISUS11
2024-10-21,35.52000045776367,ISUS11
2024-10-22,35.31999969482422,ISUS11
2024-10-23,35.27000045776367,ISUS11
2024-10-24,35.56999969482422,ISUS11
2024-10-25,35.25,ISUS11
2024-10-28,35.5,ISUS11
2024-10-29,35.25,ISUS11
2024-10-30,35.45000076293945,ISUS11
2024-10-31,35.27000045776367,ISUS11
2024-11-01,34.720001220703125,ISUS11
2024-11-04,35.540000915527344,ISUS11
2024-11-05,35.599998474121094,ISUS11
2024-11-06,35.5,ISUS11
2024-11-07,35.0099983215332,ISUS11
2024-11-08,34.54999923706055,ISUS11
2024-11-11,34.66999816894531,ISUS11
2024-11-12,34.47999954223633,ISUS11
2024-11-13,34.54999923706055,ISUS11
2024-11-14,34.56999969482422,ISUS11
2024-11-18,34.2400016784668,ISUS11
2024-11-19,34.43000030517578,ISUS11
2024-11-21,33.93000030517578,ISUS11
2024-11-22,34.529998779296875,ISUS11
2024-11-25,34.650001525878906,ISUS11
2024-11-26,35.02000045776367,ISUS11
2024-11-27,34.20000076293945,ISUS11
2024-11-28,32.95000076293945,ISUS11
2024-11-29,33.220001220703125,ISUS11
2024-12-02,33.11000061035156,ISUS11
2024-12-03,33.349998474121094,ISUS11
2024-12-04,33.4900016784668,ISUS11
2024-12-05,34.0099983215332,ISUS11
2024-12-06,33.349998474121094,ISUS11
2024-12-09,33.459999084472656,ISUS11
2024-12-10,33.630001068115234,ISUS11
2024-12-11,34.27000045776367,ISUS11
2024-12-12,33.25,ISUS11
2024-12-13,32.91999816894531,ISUS11
2024-12-16,32.599998474121094,ISUS11
2024-12-17,32.849998474121094,ISUS11
2024-12-18,31.81999969482422,ISUS11
2024-12-19,31.68000030517578,ISUS11
2024-12-20,32.04999923706055,ISUS11
2024-12-23,31.610000610351562,ISUS11
2024-12-26,31.299999237060547,ISUS11
2024-12-27,31.09000015258789,ISUS11
2024-12-30,31.18000030517578,ISUS11
2025-01-02,30.860000610351562,ISUS11
2025-01-03,30.520000457763672,ISUS11
2025-01-06,31.190000534057617,ISUS11
2025-01-07,31.43000030517578,ISUS11
2025-01-08,31.0,ISUS11
2025-01-09,31.110000610351562,ISUS11
2025-01-10,30.690000534057617,ISUS11
2025-01-13,30.670000076293945,ISUS11
2025-01-14,30.739999771118164,ISUS11
2025-01-15,31.739999771118164,ISUS11
2025-01-16,31.200000762939453,ISUS11
2025-01-17,31.450000762939453,ISUS11
2025-01-20,31.450000762939453,ISUS11
2025-01-21,31.6299991607666,ISUS11
2025-01-22,31.829999923706055,ISUS11
2025-01-23,31.649999618530273,ISUS11
2025-01-24,31.600000381469727,ISUS11
2025-01-27,32.45000076293945,ISUS11
2025-01-28,32.209999084472656,ISUS11
2025-01-29,32.119998931884766,ISUS11
2025-01-30,33.130001068115234,ISUS11
2025-01-31,32.86000061035156,ISUS11
2025-02-03,32.84000015258789,ISUS11
2025-02-04,32.63999938964844,ISUS11
2025-02-05,32.599998474121094,ISUS11
2025-02-06,32.84000015258789,ISUS11
2025-02-07,32.38999938964844,ISUS11
2025-02-10,32.65999984741211,ISUS11
2025-02-11,33.20000076293945,ISUS11
2025-02-12,32.72999954223633,ISUS11
2025-02-13,32.900001525878906,ISUS11
2025-02-14,34.08000183105469,ISUS11
2025-02-17,34.18000030517578,ISUS11
2025-02-18,33.91999816894531,ISUS11
2025-02-19,33.380001068115234,ISUS11
2025-02-20,33.400001525878906,ISUS11
2025-02-21,33.16999816894531,ISUS11
2025-02-24,32.599998474121094,ISUS11
2025-02-25,32.849998474121094,ISUS11
2025-02-26,32.59000015258789,ISUS11
2025-02-27,32.52000045776367,ISUS11
2025-02-28,32.0099983215332,ISUS11
2025-03-05,32.04999923706055,ISUS11
2025-03-06,32.25,ISUS11
2025-03-07,32.81999969482422,ISUS11
2025-03-10,32.880001068115234,ISUS11
2025-03-11,32.349998474121094,ISUS11
2025-03-12,32.529998779296875,ISUS11
2025-03-13,32.86000061035156,ISUS11
2025-03-14,33.380001068115234,ISUS11
2025-03-17,33.849998474121094,ISUS11
2025-03-18,33.869998931884766,ISUS11
2025-03-19,34.20000076293945,ISUS11
2025-03-20,34.06999969482422,ISUS11
2025-03-21,34.08000183105469,ISUS11
2025-03-24,33.75,ISUS11
2025-03-25,34.0,ISUS11
2025-03-26,34.099998474121094,ISUS11
2025-03-27,34.2599983215332,ISUS11
2025-03-28,34.0,ISUS11
2025-03-31,33.529998779296875,ISUS11
2025-04-01,33.810001373291016,ISUS11
2025-04-02,34.099998474121094,ISUS11
2025-04-03,34.65999984741211,ISUS11
2025-04-04,33.7400016784668,ISUS11
2025-04-07,33.349998474121094,ISUS11
2025-04-08,33.15999984741211,ISUS11
2025-04-09,34.099998474121094,ISUS11
2025-04-10,33.83000183105469,ISUS11
2025-04-11,34.16999816894531,ISUS11
2025-04-14,34.650001525878906,ISUS11
2025-04-15,34.7599983215332,ISUS11
2025-04-16,34.630001068115234,ISUS11
2025-04-17,34.599998474121094,ISUS11
2025-04-22,35.310001373291016,ISUS11
2025-04-23,35.77000045776367,ISUS11
2025-04-24,36.70000076293945,ISUS11
2025-04-25,36.66999816894531,ISUS11
2025-04-28,36.7400016784668,ISUS11
2025-04-29,36.709999084472656,ISUS11
2025-04-30,36.97999954223633,ISUS11
2025-05-02,36.900001525878906,ISUS11
2025-05-05,36.5,ISUS11
2025-05-06,36.439998626708984,ISUS11
2025-05-07,36.25,ISUS11
2025-05-08,37.099998474121094,ISUS11
2025-05-09,36.97999954223633,ISUS11
2025-05-12,36.83000183105469,ISUS11
2025-05-13,37.54999923706055,ISUS11
2025-05-14,37.5099983215332,ISUS11
2025-05-15,37.88999938964844,ISUS11
2025-05-16,38.040000915527344,ISUS11
2025-05-19,38.13999938964844,ISUS11
2025-05-20,38.25,ISUS11
2025-05-21,37.540000915527344,ISUS11
2025-05-22,37.540000915527344,ISUS11
2025-05-23,37.72999954223633,ISUS11
2025-05-26,37.9900016784668,ISUS11
2025-05-27,38.58000183105469,ISUS11
2025-05-28,38.630001068115234,ISUS11
2025-05-29,38.560001373291016,ISUS11
2025-05-30,38.470001220703125,ISUS11
2025-06-02,38.2400016784668,ISUS11
2025-06-03,38.81999969482422,ISUS11
2025-06-04,38.70000076293945,ISUS11
2025-06-05,38.380001068115234,ISUS11
2025-06-06,38.09000015258789,ISUS11
2025-06-09,38.029998779296875,ISUS11
2025-06-10,38.150001525878906,ISUS11
2025-06-11,38.310001373291016,ISUS11
2025-06-12,38.22999954223633,ISUS11
2025-06-13,38.310001373291016,ISUS11
2025-06-16,38.880001068115234,ISUS11
2025-06-17,38.790000915527344,ISUS11
2025-06-18,38.7400016784668,ISUS11
2025-06-20,38.2599983215332,ISUS11
2025-06-23,38.18000030517578,ISUS11
2025-06-24,38.619998931884766,ISUS11
2025-06-25,38.18000030517578,ISUS11
2025-06-26,38.619998931884766,ISUS11
2025-06-27,38.400001525878906,ISUS11
2025-06-30,39.08000183105469,ISUS11
2025-07-01,39.16999816894531,ISUS11
2025-07-02,38.59000015258789,ISUS11
2025-07-03,39.2599983215332,ISUS11
2025-07-04,39.310001373291016,ISUS11
2025-07-07,38.869998931884766,ISUS11
2025-07-08,38.619998931884766,ISUS11
2025-07-09,38.11000061035156,ISUS11
2025-07-10,37.650001525878906,ISUS11
2025-07-11,37.47999954223633,ISUS11
2025-07-14,37.209999084472656,ISUS11
2025-07-15,37.43000030517578,ISUS11
2025-07-16,37.15999984741211,ISUS11
2025-07-17,37.540000915527344,ISUS11
2025-07-18,36.7400016784668,ISUS11
2025-07-21,36.790000915527344,ISUS11
2025-07-22,36.560001373291016,ISUS11
2025-07-23,37.029998779296875,ISUS11
2025-07-24,36.689998626708984,ISUS11
2025-07-25,36.599998474121094,ISUS11
2025-07-28,36.130001068115234,ISUS11
2025-07-29,36.2599983215332,ISUS11
2025-07-30,36.68000030517578,ISUS11
2025-07-31,36.349998474121094,ISUS11
2025-08-01,36.380001068115234,ISUS11
2025-08-04,36.47999954223633,ISUS11
2025-08-05,36.54999923706055,ISUS11
2025-08-06,37.349998474121094,ISUS11
2025-08-07,37.619998931884766,ISUS11
2025-08-08,37.470001220703125,ISUS11
2025-08-11,37.18000030517578,ISUS11
2025-08-12,37.849998474121094,ISUS11
2025-08-13,37.56999969482422,ISUS11
2025-08-14,37.56999969482422,ISUS11
2025-08-15,37.5,ISUS11
2025-08-18,37.849998474121094,ISUS11
2025-08-19,36.95000076293945,ISUS11
2025-08-20,37.099998474121094,ISUS11
2025-08-21,37.0,ISUS11
2025-08-22,37.93000030517578,ISUS11
2025-08-25,37.939998626708984,ISUS11
2025-08-26,37.880001068115234,ISUS11
2025-08-27,38.40999984741211,ISUS11
2025-08-28,38.959999084472656,ISUS11
2025-08-29,39.0099983215332,ISUS11
2025-09-01,38.849998474121094,ISUS11
2025-09-02,38.470001220703125,ISUS11
2025-09-03,38.47999954223633,ISUS11
2025-09-04,38.68000030517578,ISUS11
2025-09-05,39.529998779296875,ISUS11
2025-09-08,39.130001068115234,ISUS11
2025-09-09,39.130001068115234,ISUS11
2025-09-10,39.25,ISUS11
2025-09-11,39.61000061035156,ISUS11
2025-09-12,39.4900016784668,ISUS11
2025-09-15,39.689998626708984,ISUS11
2025-09-16,40.54999923706055,ISUS11
2025-09-17,40.58000183105469,ISUS11
2025-09-18,40.45000076293945,ISUS11
2025-09-19,40.41999816894531,ISUS11
2025-09-22,39.83000183105469,ISUS11
2025-09-23,40.13999938964844,ISUS11
2025-09-24,39.97999954223633,ISUS11
2025-09-25,39.31999969482422,ISUS11
2025-09-26,39.529998779296875,ISUS11
2025-09-29,39.970001220703125,ISUS11
2025-09-30,39.81999969482422,ISUS11
2025-10-01,39.5099983215332,ISUS11
2025-10-02,38.84000015258789,ISUS11
2025-10-03,38.83000183105469,ISUS11
2025-10-06,38.47999954223633,ISUS11
2025-10-07,37.709999084472656,ISUS11
2025-10-08,37.93000030517578,ISUS11
2025-10-09,37.790000915527344,ISUS11
2025-10-10,37.56999969482422,ISUS11
2025-10-13,38.0,ISUS11
2025-10-14,37.72999954223633,ISUS11
2025-10-15,38.16999816894531,ISUS11
2025-10-16,38.16999816894531,ISUS11
2025-10-17,38.40999984741211,ISUS11
2025-10-20,38.83000183105469,ISUS11
2025-10-21,38.66999816894531,ISUS11
2025-10-22,38.72999954223633,ISUS11
2025-10-23,38.95000076293945,ISUS11
2025-10-24,39.27339172363281,ISUS11
2025-10-27,39.630001068115234,ISUS11
2025-10-28,39.63999938964844,ISUS11
2025-10-29,39.79999923706055,ISUS11
2025-10-30,39.95000076293945,ISUS11
2025-10-31,40.209999084472656,ISUS11
2025-11-03,40.22999954223633,ISUS11
2025-11-04,40.529998779296875,ISUS11
2025-11-05,41.150001525878906,ISUS11
2025-11-06,41.130001068115234,ISUS11
2025-11-07,41.209999084472656,ISUS11
2025-11-10,41.59000015258789,ISUS11
2025-11-11,42.369998931884766,ISUS11
2025-11-12,42.4900016784668,ISUS11
2025-11-13,42.349998474121094,ISUS11
2025-11-14,42.709999084472656,ISUS11
2025-11-17,42.29999923706055,ISUS11
2025-11-18,42.2599983215332,ISUS11
2025-11-19,41.81999969482422,ISUS11
2025-11-21,41.560001373291016,ISUS11
2025-11-24,41.91999816894531,ISUS11
2025-11-25,42.18000030517578,ISUS11
2025-11-26,43.0,ISUS11
2025-11-27,43.060001373291016,ISUS11
2025-11-28,43.2400016784668,ISUS11
2025-12-01,42.9900016784668,ISUS11
2025-12-02,43.720001220703125,ISUS11
2025-12-03,43.7599983215332,ISUS11
2025-12-04,44.40999984741211,ISUS11
2025-12-05,42.060001373291016,ISUS11
2025-12-08,42.2400016784668,ISUS11
2025-12-09,42.02000045776367,ISUS11
2025-12-10,42.11000061035156,ISUS11
2025-12-11,42.310001373291016,ISUS11
2025-12-12,42.7400016784668,ISUS11
2025-12-15,43.290000915527344,ISUS11
2025-12-16,41.86000061035156,ISUS11
2025-12-17,41.209999084472656,ISUS11
2025-12-18,41.5,ISUS11
2025-12-19,41.599998474121094,ISUS11
2025-12-22,41.130001068115234,ISUS11
2025-12-23,41.97999954223633,ISUS11
2025-12-26,42.060001373291016,ISUS11
2025-12-29,42.0099983215332,ISUS11
2025-12-30,42.2400016784668,ISUS11
2026-01-02,42.04999923706055,ISUS11
2026-01-05,42.310001373291016,ISUS11
2026-01-06,42.86000061035156,ISUS11
2026-01-07,42.209999084472656,ISUS11
2026-01-08,42.56999969482422,ISUS11
2026-01-09,42.72999954223633,ISUS11
2026-01-12,42.79999923706055,ISUS11
2026-01-13,42.099998474121094,ISUS11
2026-01-14,42.630001068115234,ISUS11
2026-01-15,42.720001220703125,ISUS11
2026-01-16,42.459999084472656,ISUS11
2026-01-19,42.45000076293945,ISUS11
2026-01-20,42.7400016784668,ISUS11
2026-01-21,44.189998626708984,ISUS11
2026-01-22,45.310001373291016,ISUS11
2026-01-23,46.060001373291016,ISUS11
2026-01-26,46.130001068115234,ISUS11
2026-01-27,46.84000015258789,ISUS11
2026-01-28,47.33000183105469,ISUS11
2026-01-29,46.7400016784668,ISUS11
2026-01-30,46.439998626708984,ISUS11
2026-02-02,46.93000030517578,ISUS11
2026-02-03,47.7599983215332,ISUS11
2026-02-04,46.380001068115234,ISUS11
2026-02-05,46.77000045776367,ISUS11
2026-02-06,47.22999954223633,ISUS11
2026-02-09,47.68000030517578,ISUS11
2026-02-10,47.689998626708984,ISUS11
2026-02-11,48.540000915527344,ISUS11
2026-02-12,48.16999816894531,ISUS11
2026-02-13,47.86000061035156,ISUS11
2026-02-18,47.880001068115234,ISUS11
2026-02-19,48.470001220703125,ISUS11
2026-02-20,48.869998931884766,ISUS11
2026-02-23,48.439998626708984,ISUS11
2026-02-24,49.290000915527344,ISUS11
2026-02-25,48.81999969482422,ISUS11
2026-02-26,48.90999984741211,ISUS11
2026-02-27,48.20000076293945,ISUS11
2026-03-02,47.97999954223633,ISUS11
2026-03-03,46.34000015258789,ISUS11
2026-03-04,47.130001068115234,ISUS11
2026-03-05,45.900001525878906,ISUS11
2026-03-06,45.439998626708984,ISUS11
2026-03-09,45.79999923706055,ISUS11
2026-03-10,47.099998474121094,ISUS11
2026-03-11,46.38999938964844,ISUS11
2026-03-12,44.90999984741211,ISUS11
2026-03-13,44.77000045776367,ISUS11
2026-03-16,45.040000915527344,ISUS11
2026-03-17,45.15999984741211,ISUS11
2026-03-18,45.38999938964844,ISUS11
2026-03-19,44.650001525878906,ISUS11
2026-03-20,44.0,ISUS11
2026-03-23,45.81999969482422,ISUS11
2026-03-24,45.880001068115234,ISUS11
2026-03-25,46.720001220703125,ISUS11
2026-03-26,45.81999969482422,ISUS11
2026-03-27,45.2599983215332,ISUS11
2026-03-30,45.459999084472656,ISUS11
2026-03-31,47.0099983215332,ISUS11
2026-04-01,47.34000015258789,ISUS11
2026-04-02,47.04999923706055,ISUS11
2026-04-06,46.95000076293945,ISUS11
2026-04-07,46.59000015258789,ISUS11
2026-04-08,48.27000045776367,ISUS11
2026-04-09,49.099998474121094,ISUS11
2026-04-10,49.439998626708984,ISUS11
2026-04-13,49.5099983215332,ISUS11
2026-04-14,49.970001220703125,ISUS11
2026-04-15,49.79999923706055,ISUS11
2026-04-16,49.09000015258789,ISUS11
2026-04-17,49.2400016784668,ISUS11
2026-04-20,49.20000076293945,ISUS11
2026-04-22,48.11000061035156,ISUS11
2026-04-23,47.75,ISUS11
2026-04-24,47.4900016784668,ISUS11
2026-04-27,46.97999954223633,ISUS11
2026-04-28,46.97999954223633,ISUS11
2026-04-29,45.540000915527344,ISUS11
2026-04-30,46.54999923706055,ISUS11
2026-05-04,46.09000015258789,ISUS11
2026-05-05,46.45000076293945,ISUS11
2026-05-06,46.709999084472656,ISUS11
2026-05-07,45.779998779296875,ISUS11
2026-05-08,46.18000030517578,ISUS11
2026-05-11,44.95000076293945,ISUS11
2026-05-12,44.619998931884766,ISUS11
2026-05-13,43.40999984741211,ISUS11
2026-05-14,43.95000076293945,ISUS11
2026-05-15,43.369998931884766,ISUS11
2026-05-18,43.209999084472656,ISUS11
2026-05-19,42.36000061035156,ISUS11
2026-05-20,43.63999938964844,ISUS11
2026-05-21,43.4900016784668,ISUS11
2026-05-22,43.02000045776367,ISUS11
2026-05-25,43.689998626708984,ISUS11
2026-05-26,43.29999923706055,ISUS11
2026-05-27,43.08000183105469,ISUS11
2026-05-28,42.880001068115234,ISUS11
2026-05-29,42.56999969482422,ISUS11
2026-06-01,42.18000030517578,ISUS11
2026-06-02,42.59000015258789,ISUS11
2026-06-03,41.56999969482422,ISUS11
2026-06-05,41.560001373291016,ISUS11
2026-06-08,41.279998779296875,ISUS11
2026-06-09,41.65999984741211,ISUS11
2026-06-10,41.209999084472656,ISUS11
2026-06-11,41.90999984741211,ISUS11
2026-06-12,41.88999938964844,ISUS11
2026-06-15,41.619998931884766,ISUS11
2026-06-16,41.310001373291016,ISUS11
2026-06-17,40.849998474121094,ISUS11
2026-06-18,40.779998779296875,ISUS11
2026-06-19,40.86000061035156,ISUS11
2026-06-22,41.5099983215332,ISUS11
2026-06-23,41.86000061035156,ISUS11
2026-06-24,41.93000030517578,ISUS11
2026-06-25,42.40999984741211,ISUS11
2026-06-26,42.88999938964844,ISUS11
2026-06-29,42.97999954223633,ISUS11
2026-06-30,42.66999816894531,ISUS11
2026-07-01,42.5,ISUS11
2026-07-02,42.7400016784668,ISUS11
2026-07-03,43.130001068115234,ISUS11
2026-07-06,42.720001220703125,ISUS11
2026-07-07,42.43000030517578,ISUS11
2026-07-08,42.2400016784668,ISUS11
2026-07-09,43.029998779296875,ISUS11
2026-07-10,44.5,ISUS11
2026-07-13,43.66999816894531,ISUS11
2026-07-14,43.91999816894531,ISUS11
2026-07-15,43.630001068115234,ISUS11
2026-07-16,43.25,ISUS11
2026-07-17,42.970001220703125,ISUS11
2026-07-20,42.869998931884766,ISUS11
2026-07-21,42.68000030517578,ISUS11
2026-07-22,43.41999816894531,ISUS11
2026-07-23,43.41999816894531,ISUS11
2026-07-24,42.52000045776367,ISUS11
2026-07-27,42.939998626708984,ISUS11
2026-07-28,43.130001068115234,ISUS11
2026-07-29,42.16999816894531,ISUS11
2023-07-31,53.119998931884766,GOVE11
2023-08-01,52.79999923706055,GOVE11
2023-08-02,52.630001068115234,GOVE11
2023-08-03,52.650001525878906,GOVE11
2023-08-04,52.16999816894531,GOVE11
2023-08-07,52.11000061035156,GOVE11
2023-08-08,51.97999954223633,GOVE11
2023-08-09,51.709999084472656,GOVE11
2023-08-10,51.66999816894531,GOVE11
2023-08-11,51.470001220703125,GOVE11
2023-08-14,51.0,GOVE11
2023-08-15,50.689998626708984,GOVE11
2023-08-16,50.47999954223633,GOVE11
2023-08-17,50.09000015258789,GOVE11
2023-08-18,50.209999084472656,GOVE11
2023-08-21,49.939998626708984,GOVE11
2023-08-22,50.709999084472656,GOVE11
2023-08-23,51.54999923706055,GOVE11
2023-08-24,51.15999984741211,GOVE11
2023-08-25,50.630001068115234,GOVE11
2023-08-28,51.09000015258789,GOVE11
2023-08-29,51.65999984741211,GOVE11
2023-08-30,51.31999969482422,GOVE11
2023-08-31,50.900001525878906,GOVE11
2023-09-01,51.52000045776367,GOVE11
2023-09-04,51.439998626708984,GOVE11
2023-09-05,51.25,GOVE11
2023-09-06,50.66999816894531,GOVE11
2023-09-08,50.400001525878906,GOVE11
2023-09-11,51.0,GOVE11
2023-09-12,51.630001068115234,GOVE11
2023-09-13,51.72999954223633,GOVE11
2023-09-14,52.25,GOVE11
2023-09-15,52.0,GOVE11
2023-09-18,51.7599983215332,GOVE11
2023-09-19,51.52000045776367,GOVE11
2023-09-20,51.900001525878906,GOVE11
2023-09-21,50.810001373291016,GOVE11
2023-09-22,50.689998626708984,GOVE11
2023-09-25,50.58000183105469,GOVE11
2023-09-26,49.900001525878906,GOVE11
2023-09-27,49.959999084472656,GOVE11
2023-09-28,50.599998474121094,GOVE11
2023-09-29,50.970001220703125,GOVE11
2023-10-02,50.25,GOVE11
2023-10-03,49.459999084472656,GOVE11
2023-10-04,49.529998779296875,GOVE11
2023-10-05,49.400001525878906,GOVE11
2023-10-06,49.70000076293945,GOVE11
2023-10-09,50.150001525878906,GOVE11
2023-10-10,50.869998931884766,GOVE11
2023-10-11,50.95000076293945,GOVE11
2023-10-13,50.56999969482422,GOVE11
2023-10-16,50.72999954223633,GOVE11
2023-10-17,50.470001220703125,GOVE11
2023-10-18,49.79999923706055,GOVE11
2023-10-19,49.650001525878906,GOVE11
2023-10-20,49.529998779296875,GOVE11
2023-10-23,49.189998626708984,GOVE11
2023-10-24,49.599998474121094,GOVE11
2023-10-25,49.150001525878906,GOVE11
2023-10-26,49.95000076293945,GOVE11
2023-10-27,49.38999938964844,GOVE11
2023-10-30,48.93000030517578,GOVE11
2023-10-31,49.11000061035156,GOVE11
2023-11-01,49.95000076293945,GOVE11
2023-11-03,51.33000183105469,GOVE11
2023-11-06,51.400001525878906,GOVE11
2023-11-07,51.75,GOVE11
2023-11-08,51.66999816894531,GOVE11
2023-11-09,51.68000030517578,GOVE11
2023-11-10,52.34000015258789,GOVE11
2023-11-13,52.279998779296875,GOVE11
2023-11-14,53.45000076293945,GOVE11
2023-11-16,54.04999923706055,GOVE11
2023-11-17,54.150001525878906,GOVE11
2023-11-20,54.599998474121094,GOVE11
2023-11-21,54.310001373291016,GOVE11
2023-11-22,54.599998474121094,GOVE11
2023-11-23,54.79999923706055,GOVE11
2023-11-24,54.349998474121094,GOVE11
2023-11-27,54.41999816894531,GOVE11
2023-11-28,54.79999923706055,GOVE11
2023-11-29,54.599998474121094,GOVE11
2023-11-30,55.099998474121094,GOVE11
2023-12-01,55.400001525878906,GOVE11
2023-12-04,54.880001068115234,GOVE11
2023-12-05,54.900001525878906,GOVE11
2023-12-06,54.47999954223633,GOVE11
2023-12-07,54.5,GOVE11
2023-12-08,54.880001068115234,GOVE11
2023-12-11,55.0,GOVE11
2023-12-12,54.79999923706055,GOVE11
2023-12-13,56.099998474121094,GOVE11
2023-12-14,56.70000076293945,GOVE11
2023-12-15,56.45000076293945,GOVE11
2023-12-18,56.79999923706055,GOVE11
2023-12-19,57.18000030517578,GOVE11
2023-12-20,57.16999816894531,GOVE11
2023-12-21,57.22999954223633,GOVE11
2023-12-22,57.70000076293945,GOVE11
2023-12-26,58.0,GOVE11
2023-12-27,58.25,GOVE11
2023-12-28,58.349998474121094,GOVE11
2024-01-02,57.45000076293945,GOVE11
2024-01-03,57.70000076293945,GOVE11
2024-01-04,57.0,GOVE11
2024-01-05,57.400001525878906,GOVE11
2024-01-08,57.459999084472656,GOVE11
2024-01-09,57.2599983215332,GOVE11
2024-01-10,57.0,GOVE11
2024-01-11,56.79999923706055,GOVE11
2024-01-12,57.11000061035156,GOVE11
2024-01-15,57.20000076293945,GOVE11
2024-01-16,56.380001068115234,GOVE11
2024-01-17,55.900001525878906,GOVE11
2024-01-18,55.400001525878906,GOVE11
2024-01-19,55.5,GOVE11
2024-01-22,55.0,GOVE11
2024-01-23,55.79999923706055,GOVE11
2024-01-24,55.790000915527344,GOVE11
2024-01-25,55.79999923706055,GOVE11
2024-01-26,56.25,GOVE11
2024-01-29,55.95000076293945,GOVE11
2024-01-30,55.5,GOVE11
2024-01-31,56.04999923706055,GOVE11
2024-02-01,55.95000076293945,GOVE11
2024-02-02,55.45000076293945,GOVE11
2024-02-05,55.5,GOVE11
2024-02-06,56.70000076293945,GOVE11
2024-02-07,56.52000045776367,GOVE11
2024-02-08,55.90999984741211,GOVE11
2024-02-09,55.65999984741211,GOVE11
2024-02-14,55.099998474121094,GOVE11
2024-02-15,55.599998474121094,GOVE11
2024-02-16,56.0,GOVE11
2024-02-19,56.150001525878906,GOVE11
2024-02-20,56.54999923706055,GOVE11
2024-02-21,56.599998474121094,GOVE11
2024-02-22,56.70000076293945,GOVE11
2024-02-23,56.349998474121094,GOVE11
2024-02-26,56.400001525878906,GOVE11
2024-02-27,57.29999923706055,GOVE11
2024-02-28,56.54999923706055,GOVE11
2024-02-29,56.25,GOVE11
2024-03-01,56.459999084472656,GOVE11
2024-03-04,55.900001525878906,GOVE11
2024-03-05,55.849998474121094,GOVE11
2024-03-06,56.20000076293945,GOVE11
2024-03-07,56.0,GOVE11
2024-03-08,55.29999923706055,GOVE11
2024-03-11,54.900001525878906,GOVE11
2024-03-12,55.54999923706055,GOVE11
2024-03-13,55.75,GOVE11
2024-03-14,55.599998474121094,GOVE11
2024-03-15,55.150001525878906,GOVE11
2024-03-18,55.25,GOVE11
2024-03-19,55.54999923706055,GOVE11
2024-03-20,56.040000915527344,GOVE11
2024-03-21,55.900001525878906,GOVE11
2024-03-22,55.400001525878906,GOVE11
2024-03-25,55.400001525878906,GOVE11
2024-03-26,55.349998474121094,GOVE11
2024-03-27,55.75,GOVE11
2024-03-28,55.900001525878906,GOVE11
2024-04-01,55.47999954223633,GOVE11
2024-04-02,55.900001525878906,GOVE11
2024-04-03,55.689998626708984,GOVE11
2024-04-04,56.59000015258789,GOVE11
2024-04-05,55.56999969482422,GOVE11
2024-04-08,56.25,GOVE11
2024-04-09,56.70000076293945,GOVE11
2024-04-10,56.130001068115234,GOVE11
2024-04-11,55.810001373291016,GOVE11
2024-04-12,54.95000076293945,GOVE11
2024-04-15,54.61000061035156,GOVE11
2024-04-16,54.310001373291016,GOVE11
2024-04-17,54.16999816894531,GOVE11
2024-04-18,54.29999923706055,GOVE11
2024-04-19,54.88999938964844,GOVE11
2024-04-22,54.79999923706055,GOVE11
2024-04-23,54.93000030517578,GOVE11
2024-04-24,54.599998474121094,GOVE11
2024-04-25,54.400001525878906,GOVE11
2024-04-26,55.5,GOVE11
2024-04-29,55.70000076293945,GOVE11
2024-04-30,55.02000045776367,GOVE11
2024-05-02,55.54999923706055,GOVE11
2024-05-03,56.20000076293945,GOVE11
2024-05-06,56.099998474121094,GOVE11
2024-05-07,56.400001525878906,GOVE11
2024-05-08,56.599998474121094,GOVE11
2024-05-09,56.099998474121094,GOVE11
2024-05-10,55.70000076293945,GOVE11
2024-05-13,56.20000076293945,GOVE11
2024-05-14,56.150001525878906,GOVE11
2024-05-15,55.900001525878906,GOVE11
2024-05-16,56.0,GOVE11
2024-05-17,56.0,GOVE11
2024-05-20,55.75,GOVE11
2024-05-21,55.599998474121094,GOVE11
2024-05-22,55.0,GOVE11
2024-05-23,54.40999984741211,GOVE11
2024-05-24,54.25,GOVE11
2024-05-27,54.34000015258789,GOVE11
2024-05-28,54.0,GOVE11
2024-05-29,53.72999954223633,GOVE11
2024-05-31,53.470001220703125,GOVE11
2024-06-03,53.349998474121094,GOVE11
2024-06-04,53.25,GOVE11
2024-06-05,53.119998931884766,GOVE11
2024-06-07,52.70000076293945,GOVE11
2024-06-10,52.70000076293945,GOVE11
2024-06-11,53.099998474121094,GOVE11
2024-06-12,52.5,GOVE11
2024-06-13,52.20000076293945,GOVE11
2024-06-14,52.20000076293945,GOVE11
2024-06-17,52.15999984741211,GOVE11
2024-06-18,52.150001525878906,GOVE11
2024-06-19,52.56999969482422,GOVE11
2024-06-20,52.900001525878906,GOVE11
2024-06-21,53.09000015258789,GOVE11
2024-06-24,53.54999923706055,GOVE11
2024-06-25,53.58000183105469,GOVE11
2024-06-26,53.5,GOVE11
2024-06-27,54.29999923706055,GOVE11
2024-06-28,54.20000076293945,GOVE11
2024-07-01,54.0,GOVE11
2024-07-02,54.45000076293945,GOVE11
2024-07-03,54.849998474121094,GOVE11
2024-07-04,55.20000076293945,GOVE11
2024-07-05,55.25,GOVE11
2024-07-08,55.5099983215332,GOVE11
2024-07-09,55.650001525878906,GOVE11
2024-07-10,55.70000076293945,GOVE11
2024-07-11,56.119998931884766,GOVE11
2024-07-12,56.400001525878906,GOVE11
2024-07-15,56.68000030517578,GOVE11
2024-07-16,56.66999816894531,GOVE11
2024-07-18,55.93000030517578,GOVE11
2024-07-19,56.119998931884766,GOVE11
2024-07-22,56.11000061035156,GOVE11
2024-07-23,55.5,GOVE11
2024-07-24,55.2400016784668,GOVE11
2024-07-25,55.18000030517578,GOVE11
2024-07-26,55.77000045776367,GOVE11
2024-07-29,55.529998779296875,GOVE11
2024-07-30,55.27000045776367,GOVE11
2024-07-31,55.939998626708984,GOVE11
2024-08-01,55.54999923706055,GOVE11
2024-08-02,54.849998474121094,GOVE11
2024-08-05,54.650001525878906,GOVE11
2024-08-06,55.099998474121094,GOVE11
2024-08-07,55.5099983215332,GOVE11
2024-08-08,56.25,GOVE11
2024-08-09,57.04999923706055,GOVE11
2024-08-12,57.52000045776367,GOVE11
2024-08-13,57.75,GOVE11
2024-08-14,58.150001525878906,GOVE11
2024-08-15,58.54999923706055,GOVE11
2024-08-16,58.400001525878906,GOVE11
2024-08-19,59.13999938964844,GOVE11
2024-08-20,59.349998474121094,GOVE11
2024-08-21,59.45000076293945,GOVE11
2024-08-22,58.970001220703125,GOVE11
2024-08-23,59.099998474121094,GOVE11
2024-08-26,59.83000183105469,GOVE11
2024-08-27,59.65999984741211,GOVE11
2024-08-28,59.9900016784668,GOVE11
2024-08-29,59.36000061035156,GOVE11
2024-08-30,59.31999969482422,GOVE11
2024-09-02,58.86000061035156,GOVE11
2024-09-03,58.66999816894531,GOVE11
2024-09-04,59.38999938964844,GOVE11
2024-09-05,59.560001373291016,GOVE11
2024-09-06,58.720001220703125,GOVE11
2024-09-09,59.040000915527344,GOVE11
2024-09-10,58.599998474121094,GOVE11
2024-09-11,58.77000045776367,GOVE11
2024-09-12,58.4900016784668,GOVE11
2024-09-13,59.04999923706055,GOVE11
2024-09-16,59.08000183105469,GOVE11
2024-09-17,58.93000030517578,GOVE11
2024-09-18,58.41999816894531,GOVE11
2024-09-19,58.310001373291016,GOVE11
2024-09-20,57.34000015258789,GOVE11
2024-09-23,57.119998931884766,GOVE11
2024-09-24,57.779998779296875,GOVE11
2024-09-25,57.52000045776367,GOVE11
2024-09-26,58.060001373291016,GOVE11
2024-09-27,58.06999969482422,GOVE11
2024-09-30,57.45000076293945,GOVE11
2024-10-01,58.11000061035156,GOVE11
2024-10-02,58.099998474121094,GOVE11
2024-10-03,57.400001525878906,GOVE11
2024-10-04,57.58000183105469,GOVE11
2024-10-07,57.54999923706055,GOVE11
2024-10-08,57.31999969482422,GOVE11
2024-10-09,56.650001525878906,GOVE11
2024-10-10,56.79999923706055,GOVE11
2024-10-11,56.70000076293945,GOVE11
2024-10-14,57.150001525878906,GOVE11
2024-10-15,57.29999923706055,GOVE11
2024-10-16,57.5,GOVE11
2024-10-17,57.18000030517578,GOVE11
2024-10-18,56.95000076293945,GOVE11
2024-10-21,56.849998474121094,GOVE11
2024-10-22,56.68000030517578,GOVE11
2024-10-23,56.61000061035156,GOVE11
2024-10-24,56.720001220703125,GOVE11
2024-10-25,56.900001525878906,GOVE11
2024-10-28,57.41999816894531,GOVE11
2024-10-29,57.22999954223633,GOVE11
2024-10-30,57.0,GOVE11
2024-10-31,56.58000183105469,GOVE11
2024-11-01,56.08000183105469,GOVE11
2024-11-04,56.91999816894531,GOVE11
2024-11-05,57.02000045776367,GOVE11
2024-11-06,56.91999816894531,GOVE11
2024-11-07,56.58000183105469,GOVE11
2024-11-08,56.029998779296875,GOVE11
2024-11-11,56.0,GOVE11
2024-11-12,55.790000915527344,GOVE11
2024-11-13,55.81999969482422,GOVE11
2024-11-14,55.849998474121094,GOVE11
2024-11-18,56.20000076293945,GOVE11
2024-11-19,56.029998779296875,GOVE11
2024-11-21,55.5,GOVE11
2024-11-22,56.400001525878906,GOVE11
2024-11-25,56.560001373291016,GOVE11
2024-11-26,56.810001373291016,GOVE11
2024-11-27,55.81999969482422,GOVE11
2024-11-28,54.400001525878906,GOVE11
2024-11-29,54.810001373291016,GOVE11
2024-12-02,54.56999969482422,GOVE11
2024-12-03,54.86000061035156,GOVE11
2024-12-04,54.869998931884766,GOVE11
2024-12-05,55.58000183105469,GOVE11
2024-12-06,54.75,GOVE11
2024-12-09,55.349998474121094,GOVE11
2024-12-10,55.75,GOVE11
2024-12-11,55.75,GOVE11
2024-12-12,55.0099983215332,GOVE11
2024-12-13,54.40999984741211,GOVE11
2024-12-16,53.939998626708984,GOVE11
2024-12-17,54.380001068115234,GOVE11
2024-12-18,53.130001068115234,GOVE11
2024-12-19,52.81999969482422,GOVE11
2024-12-20,53.130001068115234,GOVE11
2024-12-23,52.880001068115234,GOVE11
2024-12-26,52.77000045776367,GOVE11
2024-12-27,52.41999816894531,GOVE11
2024-12-30,52.630001068115234,GOVE11
2025-01-02,52.54999923706055,GOVE11
2025-01-03,51.79999923706055,GOVE11
2025-01-06,52.41999816894531,GOVE11
2025-01-07,52.970001220703125,GOVE11
2025-01-08,52.33000183105469,GOVE11
2025-01-09,52.380001068115234,GOVE11
2025-01-10,52.150001525878906,GOVE11
2025-01-13,52.02000045776367,GOVE11
2025-01-14,52.150001525878906,GOVE11
2025-01-15,53.36000061035156,GOVE11
2025-01-16,53.0,GOVE11
2025-01-17,53.59000015258789,GOVE11
2025-01-20,53.380001068115234,GOVE11
2025-01-21,53.84000015258789,GOVE11
2025-01-22,53.900001525878906,GOVE11
2025-01-23,53.470001220703125,GOVE11
2025-01-24,53.56999969482422,GOVE11
2025-01-27,54.5,GOVE11
2025-01-28,54.20000076293945,GOVE11
2025-01-29,53.93000030517578,GOVE11
2025-01-30,55.47999954223633,GOVE11
2025-01-31,55.150001525878906,GOVE11
2025-02-03,55.060001373291016,GOVE11
2025-02-04,54.709999084472656,GOVE11
2025-02-05,54.939998626708984,GOVE11
2025-02-06,55.150001525878906,GOVE11
2025-02-07,54.41999816894531,GOVE11
2025-02-10,54.84000015258789,GOVE11
2025-02-11,55.290000915527344,GOVE11
2025-02-12,54.459999084472656,GOVE11
2025-02-13,54.529998779296875,GOVE11
2025-02-14,56.029998779296875,GOVE11
2025-02-17,56.529998779296875,GOVE11
2025-02-18,56.220001220703125,GOVE11
2025-02-19,55.790000915527344,GOVE11
2025-02-20,55.849998474121094,GOVE11
2025-02-21,55.619998931884766,GOVE11
2025-02-24,55.75,GOVE11
2025-02-25,55.11000061035156,GOVE11
2025-02-26,54.65999984741211,GOVE11
2025-02-27,54.380001068115234,GOVE11
2025-02-28,53.63999938964844,GOVE11
2025-03-05,53.540000915527344,GOVE11
2025-03-06,53.630001068115234,GOVE11
2025-03-07,54.61000061035156,GOVE11
2025-03-10,54.150001525878906,GOVE11
2025-03-11,53.77000045776367,GOVE11
2025-03-12,53.779998779296875,GOVE11
2025-03-13,54.709999084472656,GOVE11
2025-03-14,56.02000045776367,GOVE11
2025-03-17,57.119998931884766,GOVE11
2025-03-18,57.31999969482422,GOVE11
2025-03-19,57.58000183105469,GOVE11
2025-03-20,57.38999938964844,GOVE11
2025-03-21,57.540000915527344,GOVE11
2025-03-24,57.11000061035156,GOVE11
2025-03-25,57.45000076293945,GOVE11
2025-03-26,57.66999816894531,GOVE11
2025-03-27,57.93000030517578,GOVE11
2025-03-28,57.40999984741211,GOVE11
2025-03-31,56.650001525878906,GOVE11
2025-04-01,57.31999969482422,GOVE11
2025-04-02,57.060001373291016,GOVE11
2025-04-03,57.029998779296875,GOVE11
2025-04-04,55.310001373291016,GOVE11
2025-04-07,54.709999084472656,GOVE11
2025-04-08,53.970001220703125,GOVE11
2025-04-09,55.61000061035156,GOVE11
2025-04-10,54.810001373291016,GOVE11
2025-04-11,55.66999816894531,GOVE11
2025-04-14,55.9900016784668,GOVE11
2025-04-15,56.099998474121094,GOVE11
2025-04-16,55.72999954223633,GOVE11
2025-04-17,55.9900016784668,GOVE11
2025-04-22,56.83000183105469,GOVE11
2025-04-23,57.63999938964844,GOVE11
2025-04-24,58.630001068115234,GOVE11
2025-04-25,58.56999969482422,GOVE11
2025-04-28,58.65999984741211,GOVE11
2025-04-29,58.63999938964844,GOVE11
2025-04-30,58.59000015258789,GOVE11
2025-05-02,58.70000076293945,GOVE11
2025-05-05,57.959999084472656,GOVE11
2025-05-06,57.93000030517578,GOVE11
2025-05-07,57.869998931884766,GOVE11
2025-05-08,59.130001068115234,GOVE11
2025-05-09,58.400001525878906,GOVE11
2025-05-12,59.36000061035156,GOVE11
2025-05-13,60.31999969482422,GOVE11
2025-05-14,60.150001525878906,GOVE11
2025-05-15,60.189998626708984,GOVE11
2025-05-16,60.150001525878906,GOVE11
2025-05-19,60.75,GOVE11
2025-05-20,60.970001220703125,GOVE11
2025-05-21,59.97999954223633,GOVE11
2025-05-22,59.72999954223633,GOVE11
2025-05-23,59.95000076293945,GOVE11
2025-05-26,60.11000061035156,GOVE11
2025-05-27,60.88999938964844,GOVE11
2025-05-28,60.5,GOVE11
2025-05-29,60.38999938964844,GOVE11
2025-05-30,59.75,GOVE11
2025-06-02,59.619998931884766,GOVE11
2025-06-03,60.0099983215332,GOVE11
2025-06-04,59.7599983215332,GOVE11
2025-06-05,59.540000915527344,GOVE11
2025-06-06,59.27000045776367,GOVE11
2025-06-09,59.15999984741211,GOVE11
2025-06-10,59.540000915527344,GOVE11
2025-06-11,59.68000030517578,GOVE11
2025-06-12,59.880001068115234,GOVE11
2025-06-13,59.900001525878906,GOVE11
2025-06-16,61.04999923706055,GOVE11
2025-06-17,60.68000030517578,GOVE11
2025-06-18,60.58000183105469,GOVE11
2025-06-20,59.91999816894531,GOVE11
2025-06-23,59.54999923706055,GOVE11
2025-06-24,59.790000915527344,GOVE11
2025-06-25,59.54999923706055,GOVE11
2025-06-26,59.900001525878906,GOVE11
2025-06-27,59.779998779296875,GOVE11
2025-06-30,60.65999984741211,GOVE11
2025-07-01,60.939998626708984,GOVE11
2025-07-02,60.709999084472656,GOVE11
2025-07-03,61.5099983215332,GOVE11
2025-07-04,61.68000030517578,GOVE11
2025-07-07,60.900001525878906,GOVE11
2025-07-08,60.83000183105469,GOVE11
2025-07-09,60.02000045776367,GOVE11
2025-07-10,59.7400016784668,GOVE11
2025-07-11,59.279998779296875,GOVE11
2025-07-14,58.9900016784668,GOVE11
2025-07-15,58.9900016784668,GOVE11
2025-07-16,59.02000045776367,GOVE11
2025-07-17,59.099998474121094,GOVE11
2025-07-18,58.150001525878906,GOVE11
2025-07-21,58.5,GOVE11
2025-07-22,58.349998474121094,GOVE11
2025-07-23,58.939998626708984,GOVE11
2025-07-24,58.439998626708984,GOVE11
2025-07-25,58.209999084472656,GOVE11
2025-07-28,57.59000015258789,GOVE11
2025-07-29,57.81999969482422,GOVE11
2025-07-30,58.40999984741211,GOVE11
2025-07-31,58.15999984741211,GOVE11
2025-08-01,57.959999084472656,GOVE11
2025-08-04,58.0,GOVE11
2025-08-05,58.33000183105469,GOVE11
2025-08-06,58.790000915527344,GOVE11
2025-08-07,59.439998626708984,GOVE11
2025-08-08,59.58000183105469,GOVE11
2025-08-11,59.18000030517578,GOVE11
2025-08-12,60.15999984741211,GOVE11
2025-08-13,59.689998626708984,GOVE11
2025-08-14,59.599998474121094,GOVE11
2025-08-15,59.279998779296875,GOVE11
2025-08-18,60.0099983215332,GOVE11
2025-08-19,58.720001220703125,GOVE11
2025-08-20,58.720001220703125,GOVE11
2025-08-21,58.70000076293945,GOVE11
2025-08-22,60.2400016784668,GOVE11
2025-08-25,60.2599983215332,GOVE11
2025-08-26,59.959999084472656,GOVE11
2025-08-27,60.540000915527344,GOVE11
2025-08-28,61.619998931884766,GOVE11
2025-08-29,62.0,GOVE11
2025-09-01,61.709999084472656,GOVE11
2025-09-02,61.310001373291016,GOVE11
2025-09-03,61.130001068115234,GOVE11
2025-09-04,61.630001068115234,GOVE11
2025-09-05,62.7599983215332,GOVE11
2025-09-08,61.970001220703125,GOVE11
2025-09-09,62.45000076293945,GOVE11
2025-09-10,62.790000915527344,GOVE11
2025-09-11,63.119998931884766,GOVE11
2025-09-12,62.29999923706055,GOVE11
2025-09-15,63.040000915527344,GOVE11
2025-09-16,62.95000076293945,GOVE11
2025-09-17,63.619998931884766,GOVE11
2025-09-18,63.599998474121094,GOVE11
2025-09-19,63.790000915527344,GOVE11
2025-09-22,63.45000076293945,GOVE11
2025-09-23,64.18000030517578,GOVE11
2025-09-24,64.04000091552734,GOVE11
2025-09-25,63.45000076293945,GOVE11
2025-09-26,63.540000915527344,GOVE11
2025-09-29,63.959999084472656,GOVE11
2025-09-30,63.93000030517578,GOVE11
2025-10-01,63.59000015258789,GOVE11
2025-10-02,62.84000015258789,GOVE11
2025-10-03,63.08000183105469,GOVE11
2025-10-06,62.650001525878906,GOVE11
2025-10-07,61.709999084472656,GOVE11
2025-10-08,62.09000015258789,GOVE11
2025-10-09,62.0,GOVE11
2025-10-10,61.90999984741211,GOVE11
2025-10-13,61.95000076293945,GOVE11
2025-10-14,61.9900016784668,GOVE11
2025-10-15,62.16999816894531,GOVE11
2025-10-16,62.0,GOVE11
2025-10-17,62.439998626708984,GOVE11
2025-10-20,63.099998474121094,GOVE11
2025-10-21,62.77000045776367,GOVE11
2025-10-22,63.0099983215332,GOVE11
2025-10-23,63.630001068115234,GOVE11
2025-10-24,63.709999084472656,GOVE11
2025-10-27,64.05999755859375,GOVE11
2025-10-28,64.22000122070312,GOVE11
2025-10-29,64.75,GOVE11
2025-10-30,64.76000213623047,GOVE11
2025-10-31,65.12999725341797,GOVE11
2025-11-03,65.52999877929688,GOVE11
2025-11-04,65.5,GOVE11
2025-11-05,66.62000274658203,GOVE11
2025-11-06,66.81999969482422,GOVE11
2025-11-07,67.05000305175781,GOVE11
2025-11-10,67.61000061035156,GOVE11
2025-11-11,68.58999633789062,GOVE11
2025-11-12,68.55999755859375,GOVE11
2025-11-13,68.3499984741211,GOVE11
2025-11-14,68.75,GOVE11
2025-11-17,68.69999694824219,GOVE11
2025-11-18,68.02999877929688,GOVE11
2025-11-19,67.6500015258789,GOVE11
2025-11-21,66.87999725341797,GOVE11
2025-11-24,67.61000061035156,GOVE11
2025-11-25,67.76000213623047,GOVE11
2025-11-26,68.86000061035156,GOVE11
2025-11-27,68.9000015258789,GOVE11
2025-11-28,69.1500015258789,GOVE11
2025-12-01,69.12999725341797,GOVE11
2025-12-02,70.12999725341797,GOVE11
2025-12-03,70.4800033569336,GOVE11
2025-12-04,71.58999633789062,GOVE11
2025-12-05,70.48999786376953,GOVE11
2025-12-08,68.83000183105469,GOVE11
2025-12-09,68.97000122070312,GOVE11
2025-12-10,69.19999694824219,GOVE11
2025-12-11,69.25,GOVE11
2025-12-12,70.08000183105469,GOVE11
2025-12-15,70.66000366210938,GOVE11
2025-12-16,68.93000030517578,GOVE11
2025-12-17,68.27999877929688,GOVE11
2025-12-18,68.95999908447266,GOVE11
2025-12-19,69.0999984741211,GOVE11
2025-12-22,68.75,GOVE11
2025-12-23,69.63999938964844,GOVE11
2025-12-26,70.05999755859375,GOVE11
2025-12-29,69.70999908447266,GOVE11
2025-12-30,70.05000305175781,GOVE11
2026-01-02,69.8499984741211,GOVE11
2026-01-05,70.4000015258789,GOVE11
2026-01-06,71.23999786376953,GOVE11
2026-01-07,70.51000213623047,GOVE11
2026-01-08,70.95999908447266,GOVE11
2026-01-09,71.23999786376953,GOVE11
2026-01-12,71.08000183105469,GOVE11
2026-01-14,71.83999633789062,GOVE11
2026-01-15,72.05999755859375,GOVE11
2026-01-16,71.63999938964844,GOVE11
2026-01-19,71.77999877929688,GOVE11
2026-01-20,71.77999877929688,GOVE11
2026-01-21,74.76000213623047,GOVE11
2026-01-22,76.61000061035156,GOVE11
2026-01-23,77.7699966430664,GOVE11
2026-01-26,77.70999908447266,GOVE11
2026-01-27,79.13999938964844,GOVE11
2026-01-28,80.33999633789062,GOVE11
2026-01-29,79.80999755859375,GOVE11
2026-01-30,78.87999725341797,GOVE11
2026-02-02,79.48999786376953,GOVE11
2026-02-03,80.7300033569336,GOVE11
2026-02-04,78.79000091552734,GOVE11
2026-02-05,79.52999877929688,GOVE11
2026-02-06,79.23999786376953,GOVE11
2026-02-09,80.93000030517578,GOVE11
2026-02-10,80.69999694824219,GOVE11
2026-02-11,82.41999816894531,GOVE11
2026-02-12,81.47000122070312,GOVE11
2026-02-13,79.83999633789062,GOVE11
2026-02-18,80.41999816894531,GOVE11
2026-02-19,81.80000305175781,GOVE11
2026-02-20,82.45999908447266,GOVE11
2026-02-23,82.33000183105469,GOVE11
2026-02-24,83.23999786376953,GOVE11
2026-02-25,83.0199966430664,GOVE11
2026-02-26,82.97000122070312,GOVE11
2026-02-27,81.98999786376953,GOVE11
2026-03-02,82.22000122070312,GOVE11
2026-03-03,79.66000366210938,GOVE11
2026-03-04,80.47000122070312,GOVE11
2026-03-05,78.36000061035156,GOVE11
2026-03-06,78.01000213623047,GOVE11
2026-03-09,78.04000091552734,GOVE11
2026-03-10,79.66999816894531,GOVE11
2026-03-11,80.0199966430664,GOVE11
2026-03-12,77.91999816894531,GOVE11
2026-03-13,77.44999694824219,GOVE11
2026-03-16,78.56999969482422,GOVE11
2026-03-17,78.87999725341797,GOVE11
2026-03-18,78.44999694824219,GOVE11
2026-03-19,78.26000213623047,GOVE11
2026-03-20,77.66000366210938,GOVE11
2026-03-23,79.44999694824219,GOVE11
2026-03-24,79.19000244140625,GOVE11
2026-03-25,80.58000183105469,GOVE11
2026-03-26,79.41999816894531,GOVE11
2026-03-27,78.9000015258789,GOVE11
2026-03-30,79.33999633789062,GOVE11
2026-03-31,80.66000366210938,GOVE11
2026-04-01,81.80000305175781,GOVE11
2026-04-02,81.76000213623047,GOVE11
2026-04-06,81.8499984741211,GOVE11
2026-04-07,81.4800033569336,GOVE11
2026-04-08,83.38999938964844,GOVE11
2026-04-09,84.79000091552734,GOVE11
2026-04-10,85.72000122070312,GOVE11
2026-04-13,86.0999984741211,GOVE11
2026-04-14,86.47000122070312,GOVE11
2026-04-15,85.95999908447266,GOVE11
2026-04-16,85.62999725341797,GOVE11
2026-04-17,85.30999755859375,GOVE11
2026-04-20,85.41000366210938,GOVE11
2026-04-22,84.04000091552734,GOVE11
2026-04-23,83.3499984741211,GOVE11
2026-04-24,83.0999984741211,GOVE11
2026-04-27,82.69000244140625,GOVE11
2026-04-28,82.08999633789062,GOVE11
2026-04-29,80.4000015258789,GOVE11
2026-04-30,81.58999633789062,GOVE11
2026-05-04,80.75,GOVE11
2026-05-05,80.97000122070312,GOVE11
2026-05-06,81.27999877929688,GOVE11
2026-05-07,79.4000015258789,GOVE11
2026-05-08,79.88999938964844,GOVE11
2026-05-11,78.9000015258789,GOVE11
2026-05-12,78.41999816894531,GOVE11
2026-05-13,76.77999877929688,GOVE11
2026-05-14,77.3499984741211,GOVE11
2026-05-15,76.69999694824219,GOVE11
2026-05-18,76.88999938964844,GOVE11
2026-05-19,75.58999633789062,GOVE11
2026-05-20,76.8499984741211,GOVE11
2026-05-21,76.97000122070312,GOVE11
2026-05-22,76.47000122070312,GOVE11
2026-05-25,76.91000366210938,GOVE11
2026-05-26,76.47000122070312,GOVE11
2026-05-27,76.31999969482422,GOVE11
2026-05-28,75.83000183105469,GOVE11
2026-05-29,75.87000274658203,GOVE11
2026-06-01,74.52999877929688,GOVE11
2026-06-02,75.54000091552734,GOVE11
2026-06-03,73.87000274658203,GOVE11
2026-06-05,73.25,GOVE11
2026-06-08,72.94000244140625,GOVE11
2026-06-09,73.5199966430664,GOVE11
2026-06-10,73.05000305175781,GOVE11
2026-06-11,74.22000122070312,GOVE11
2026-06-12,74.08000183105469,GOVE11
2026-06-15,73.72000122070312,GOVE11
2026-06-16,73.37000274658203,GOVE11
2026-06-17,72.87000274658203,GOVE11
2026-06-18,72.87000274658203,GOVE11
2026-06-19,72.87000274658203,GOVE11
2026-06-22,73.69999694824219,GOVE11
2026-06-24,73.69999694824219,GOVE11
2026-06-25,73.69999694824219,GOVE11
2026-06-26,74.86000061035156,GOVE11
2026-06-29,74.83000183105469,GOVE11
2026-06-30,74.16000366210938,GOVE11
2026-07-01,74.2300033569336,GOVE11
2026-07-02,74.62000274658203,GOVE11
2026-07-03,75.37999725341797,GOVE11
2026-07-06,74.54000091552734,GOVE11
2026-07-07,74.38999938964844,GOVE11
2026-07-08,73.94000244140625,GOVE11
2026-07-09,74.4800033569336,GOVE11
2026-07-10,76.80999755859375,GOVE11
2026-07-13,75.94999694824219,GOVE11
2026-07-14,76.33999633789062,GOVE11
2026-07-15,76.0999984741211,GOVE11
2026-07-16,75.5999984741211,GOVE11
2026-07-17,75.02999877929688,GOVE11
2026-07-20,74.9800033569336,GOVE11
2026-07-21,74.80999755859375,GOVE11
2026-07-22,76.31999969482422,GOVE11
2026-07-23,76.36000061035156,GOVE11
2026-07-24,75.77999877929688,GOVE11
2026-07-27,75.47000122070312,GOVE11
2026-07-28,76.13999938964844,GOVE11
2026-07-29,75.41000366210938,GOVE11
2023-07-31,49.81999969482422,REVE11
2023-08-01,50.25,REVE11
2023-08-02,49.84000015258789,REVE11
2023-08-03,50.540000915527344,REVE11
2023-08-04,49.9900016784668,REVE11
2023-08-07,50.47999954223633,REVE11
2023-08-08,50.33000183105469,REVE11
2023-08-09,50.0099983215332,REVE11
2023-08-10,49.720001220703125,REVE11
2023-08-11,49.81999969482422,REVE11
2023-08-14,50.56999969482422,REVE11
2023-08-15,49.95000076293945,REVE11
2023-08-16,49.45000076293945,REVE11
2023-08-17,48.84000015258789,REVE11
2023-08-18,48.689998626708984,REVE11
2023-08-21,49.880001068115234,REVE11
2023-08-22,48.880001068115234,REVE11
2023-08-23,48.349998474121094,REVE11
2023-08-24,47.9900016784668,REVE11
2023-08-25,48.4900016784668,REVE11
2023-08-28,48.790000915527344,REVE11
2023-08-29,49.400001525878906,REVE11
2023-08-30,49.650001525878906,REVE11
2023-08-31,50.349998474121094,REVE11
2023-09-01,50.2400016784668,REVE11
2023-09-04,50.0,REVE11
2023-09-05,50.20000076293945,REVE11
2023-09-06,49.86000061035156,REVE11
2023-09-08,49.630001068115234,REVE11
2023-09-11,49.70000076293945,REVE11
2023-09-12,49.70000076293945,REVE11
2023-09-13,49.27000045776367,REVE11
2023-09-14,49.459999084472656,REVE11
2023-09-15,48.939998626708984,REVE11
2023-09-18,48.45000076293945,REVE11
2023-09-19,48.599998474121094,REVE11
2023-09-20,48.56999969482422,REVE11
2023-09-21,48.2599983215332,REVE11
2023-09-22,47.84000015258789,REVE11
2023-09-25,48.400001525878906,REVE11
2023-09-26,47.7599983215332,REVE11
2023-09-27,48.20000076293945,REVE11
2023-09-28,48.36000061035156,REVE11
2023-09-29,48.2400016784668,REVE11
2023-10-02,48.040000915527344,REVE11
2023-10-03,48.34000015258789,REVE11
2023-10-04,49.02000045776367,REVE11
2023-10-05,48.869998931884766,REVE11
2023-10-06,49.349998474121094,REVE11
2023-10-09,49.08000183105469,REVE11
2023-10-10,48.88999938964844,REVE11
2023-10-11,49.15999984741211,REVE11
2023-10-13,47.84000015258789,REVE11
2023-10-16,48.38999938964844,REVE11
2023-10-17,48.560001373291016,REVE11
2023-10-18,47.560001373291016,REVE11
2023-10-19,46.47999954223633,REVE11
2023-10-20,45.630001068115234,REVE11
2023-10-23,45.130001068115234,REVE11
2023-10-24,45.060001373291016,REVE11
2023-10-25,44.68000030517578,REVE11
2023-10-26,45.0099983215332,REVE11
2023-10-27,44.689998626708984,REVE11
2023-10-30,44.84000015258789,REVE11
2023-10-31,45.900001525878906,REVE11
2023-11-01,45.209999084472656,REVE11
2023-11-03,46.40999984741211,REVE11
2023-11-06,45.900001525878906,REVE11
2023-11-07,45.93000030517578,REVE11
2023-11-08,45.5,REVE11
2023-11-09,45.7400016784668,REVE11
2023-11-10,46.06999969482422,REVE11
2023-11-13,46.09000015258789,REVE11
2023-11-14,47.33000183105469,REVE11
2023-11-16,47.5,REVE11
2023-11-17,48.25,REVE11
2023-11-20,47.45000076293945,REVE11
2023-11-21,48.630001068115234,REVE11
2023-11-22,48.869998931884766,REVE11
2023-11-23,49.0,REVE11
2023-11-24,49.0,REVE11
2023-11-27,48.68000030517578,REVE11
2023-11-28,48.61000061035156,REVE11
2023-11-29,49.25,REVE11
2023-11-30,49.7400016784668,REVE11
2023-12-01,50.209999084472656,REVE11
2023-12-04,51.0,REVE11
2023-12-05,50.41999816894531,REVE11
2023-12-06,50.13999938964844,REVE11
2023-12-07,50.279998779296875,REVE11
2023-12-08,50.75,REVE11
2023-12-11,50.86000061035156,REVE11
2023-12-12,50.91999816894531,REVE11
2023-12-13,51.349998474121094,REVE11
2023-12-14,52.41999816894531,REVE11
2023-12-15,52.61000061035156,REVE11
2023-12-18,52.130001068115234,REVE11
2023-12-19,52.439998626708984,REVE11
2023-12-20,51.75,REVE11
2023-12-21,52.2400016784668,REVE11
2023-12-22,52.13999938964844,REVE11
2023-12-26,52.27000045776367,REVE11
2023-12-27,52.459999084472656,REVE11
2023-12-28,52.560001373291016,REVE11
2024-01-02,52.4900016784668,REVE11
2024-01-03,51.349998474121094,REVE11
2024-01-04,50.88999938964844,REVE11
2024-01-05,50.599998474121094,REVE11
2024-01-08,51.16999816894531,REVE11
2024-01-09,50.97999954223633,REVE11
2024-01-10,50.88999938964844,REVE11
2024-01-11,50.279998779296875,REVE11
2024-01-12,49.97999954223633,REVE11
2024-01-15,48.95000076293945,REVE11
2024-01-16,50.099998474121094,REVE11
2024-01-17,49.59000015258789,REVE11
2024-01-18,49.66999816894531,REVE11
2024-01-19,50.06999969482422,REVE11
2024-01-22,51.16999816894531,REVE11
2024-01-23,50.90999984741211,REVE11
2024-01-24,50.22999954223633,REVE11
2024-01-25,49.810001373291016,REVE11
2024-01-26,49.709999084472656,REVE11
2024-01-29,50.90999984741211,REVE11
2024-01-30,50.88999938964844,REVE11
2024-01-31,50.150001525878906,REVE11
2024-02-01,50.58000183105469,REVE11
2024-02-02,50.88999938964844,REVE11
2024-02-05,50.36000061035156,REVE11
2024-02-06,50.58000183105469,REVE11
2024-02-07,51.349998474121094,REVE11
2024-02-08,52.02000045776367,REVE11
2024-02-09,52.029998779296875,REVE11
2024-02-14,53.0099983215332,REVE11
2024-02-15,53.0,REVE11
2024-02-16,52.38999938964844,REVE11
2024-02-19,52.38999938964844,REVE11
2024-02-20,51.63999938964844,REVE11
2024-02-21,51.900001525878906,REVE11
2024-02-22,52.54999923706055,REVE11
2024-02-23,52.720001220703125,REVE11
2024-02-26,52.599998474121094,REVE11
2024-02-27,52.40999984741211,REVE11
2024-02-28,53.060001373291016,REVE11
2024-02-29,53.619998931884766,REVE11
2024-03-01,54.029998779296875,REVE11
2024-03-04,53.939998626708984,REVE11
2024-03-05,53.40999984741211,REVE11
2024-03-06,53.5,REVE11
2024-03-07,53.52000045776367,REVE11
2024-03-08,54.09000015258789,REVE11
2024-03-11,53.459999084472656,REVE11
2024-03-12,53.84000015258789,REVE11
2024-03-13,53.689998626708984,REVE11
2024-03-14,52.72999954223633,REVE11
2024-03-15,52.619998931884766,REVE11
2024-03-18,53.5,REVE11
2024-03-19,53.33000183105469,REVE11
2024-03-20,53.38999938964844,REVE11
2024-03-21,53.70000076293945,REVE11
2024-03-22,53.619998931884766,REVE11
2024-03-25,53.20000076293945,REVE11
2024-03-26,53.31999969482422,REVE11
2024-03-27,54.150001525878906,REVE11
2024-03-28,54.599998474121094,REVE11
2024-04-01,54.77000045776367,REVE11
2024-04-02,54.77000045776367,REVE11
2024-04-03,54.040000915527344,REVE11
2024-04-04,53.790000915527344,REVE11
2024-04-05,54.209999084472656,REVE11
2024-04-08,53.939998626708984,REVE11
2024-04-09,54.22999954223633,REVE11
2024-04-10,53.93000030517578,REVE11
2024-04-11,54.20000076293945,REVE11
2024-04-12,53.779998779296875,REVE11
2024-04-15,53.540000915527344,REVE11
2024-04-16,53.869998931884766,REVE11
2024-04-17,53.33000183105469,REVE11
2024-04-18,53.11000061035156,REVE11
2024-04-19,52.56999969482422,REVE11
2024-04-22,51.900001525878906,REVE11
2024-04-23,52.560001373291016,REVE11
2024-04-24,53.18000030517578,REVE11
2024-04-25,53.630001068115234,REVE11
2024-04-26,53.349998474121094,REVE11
2024-04-29,53.349998474121094,REVE11
2024-04-30,53.349998474121094,REVE11
2024-05-02,51.63999938964844,REVE11
2024-05-03,53.279998779296875,REVE11
2024-05-06,52.790000915527344,REVE11
2024-05-07,53.709999084472656,REVE11
2024-05-08,53.5,REVE11
2024-05-09,55.0,REVE11
2024-05-10,55.13999938964844,REVE11
2024-05-13,55.13999938964844,REVE11
2024-05-14,55.470001220703125,REVE11
2024-05-15,55.83000183105469,REVE11
2024-05-16,55.029998779296875,REVE11
2024-05-17,55.279998779296875,REVE11
2024-05-20,55.2599983215332,REVE11
2024-05-21,55.650001525878906,REVE11
2024-05-22,55.63999938964844,REVE11
2024-05-23,55.709999084472656,REVE11
2024-05-24,56.470001220703125,REVE11
2024-05-27,56.47999954223633,REVE11
2024-05-28,56.47999954223633,REVE11
2024-05-29,56.47999954223633,REVE11
2024-05-31,56.47999954223633,REVE11
2024-06-03,55.66999816894531,REVE11
2024-06-04,56.439998626708984,REVE11
2024-06-05,57.22999954223633,REVE11
2024-06-06,56.130001068115234,REVE11
2024-06-07,56.900001525878906,REVE11
2024-06-10,57.709999084472656,REVE11
2024-06-11,57.79999923706055,REVE11
2024-06-12,58.66999816894531,REVE11
2024-06-13,58.33000183105469,REVE11
2024-06-14,56.84000015258789,REVE11
2024-06-17,58.4900016784668,REVE11
2024-06-18,57.70000076293945,REVE11
2024-06-19,57.70000076293945,REVE11
2024-06-20,57.56999969482422,REVE11
2024-06-21,58.38999938964844,REVE11
2024-06-24,57.83000183105469,REVE11
2024-06-25,58.04999923706055,REVE11
2024-06-26,58.709999084472656,REVE11
2024-06-27,58.810001373291016,REVE11
2024-06-28,59.68000030517578,REVE11
2024-07-01,60.400001525878906,REVE11
2024-07-02,61.369998931884766,REVE11
2024-07-03,61.029998779296875,REVE11
2024-07-04,59.54999923706055,REVE11
2024-07-05,59.75,REVE11
2024-07-08,60.31999969482422,REVE11
2024-07-09,59.79999923706055,REVE11
2024-07-10,60.380001068115234,REVE11
2024-07-11,59.709999084472656,REVE11
2024-07-12,61.83000183105469,REVE11
2024-07-15,61.81999969482422,REVE11
2024-07-16,62.630001068115234,REVE11
2024-07-17,61.599998474121094,REVE11
2024-07-18,62.209999084472656,REVE11
2024-07-19,62.43000030517578,REVE11
2024-07-22,63.02000045776367,REVE11
2024-07-23,63.099998474121094,REVE11
2024-07-24,61.619998931884766,REVE11
2024-07-25,61.06999969482422,REVE11
2024-07-26,62.099998474121094,REVE11
2024-07-29,61.470001220703125,REVE11
2024-07-30,61.27000045776367,REVE11
2024-07-31,62.97999954223633,REVE11
2024-08-01,62.52000045776367,REVE11
2024-08-02,60.34000015258789,REVE11
2024-08-05,58.79999923706055,REVE11
2024-08-06,58.61000061035156,REVE11
2024-08-07,57.36000061035156,REVE11
2024-08-08,58.189998626708984,REVE11
2024-08-09,57.40999984741211,REVE11
2024-08-12,56.790000915527344,REVE11
2024-08-13,57.0,REVE11
2024-08-14,57.63999938964844,REVE11
2024-08-15,59.0099983215332,REVE11
2024-08-16,58.63999938964844,REVE11
2024-08-19,58.81999969482422,REVE11
2024-08-20,59.31999969482422,REVE11
2024-08-21,59.81999969482422,REVE11
2024-08-22,60.720001220703125,REVE11
2024-08-23,61.02000045776367,REVE11
2024-08-26,60.869998931884766,REVE11
2024-08-27,60.72999954223633,REVE11
2024-08-28,60.720001220703125,REVE11
2024-08-29,61.939998626708984,REVE11
2024-08-30,62.88999938964844,REVE11
2024-09-02,65.37000274658203,REVE11
2024-09-03,61.54999923706055,REVE11
2024-09-04,61.86000061035156,REVE11
2024-09-05,60.86000061035156,REVE11
2024-09-06,59.81999969482422,REVE11
2024-09-09,60.060001373291016,REVE11
2024-09-10,61.02000045776367,REVE11
2024-09-11,62.130001068115234,REVE11
2024-09-12,61.56999969482422,REVE11
2024-09-13,61.400001525878906,REVE11
2024-09-16,61.40999984741211,REVE11
2024-09-17,61.36000061035156,REVE11
2024-09-18,61.029998779296875,REVE11
2024-09-19,61.029998779296875,REVE11
2024-09-20,62.77000045776367,REVE11
2024-09-23,62.79999923706055,REVE11
2024-09-24,62.79999923706055,REVE11
2024-09-25,63.099998474121094,REVE11
2024-09-26,62.84000015258789,REVE11
2024-09-27,63.2599983215332,REVE11
2024-09-30,63.560001373291016,REVE11
2024-10-01,63.560001373291016,REVE11
2024-10-02,62.380001068115234,REVE11
2024-10-03,62.02000045776367,REVE11
2024-10-04,62.88999938964844,REVE11
2024-10-07,62.88999938964844,REVE11
2024-10-08,63.5,REVE11
2024-10-09,64.27999877929688,REVE11
2024-10-10,63.59000015258789,REVE11
2024-10-11,63.93000030517578,REVE11
2024-10-14,63.58000183105469,REVE11
2024-10-15,64.30000305175781,REVE11
2024-10-16,64.5,REVE11
2024-10-17,64.5,REVE11
2024-10-18,65.4000015258789,REVE11
2024-10-21,64.5199966430664,REVE11
2024-10-22,64.19999694824219,REVE11
2024-10-23,64.0,REVE11
2024-10-24,63.400001525878906,REVE11
2024-10-25,65.16000366210938,REVE11
2024-10-28,66.38999938964844,REVE11
2024-10-29,67.0199966430664,REVE11
2024-10-30,66.30000305175781,REVE11
2024-10-31,65.69999694824219,REVE11
2024-11-01,65.62000274658203,REVE11
2024-11-04,65.6500015258789,REVE11
2024-11-05,66.0999984741211,REVE11
2024-11-06,68.02999877929688,REVE11
2024-11-07,68.33000183105469,REVE11
2024-11-08,70.22000122070312,REVE11
2024-11-11,70.0999984741211,REVE11
2024-11-12,70.5199966430664,REVE11
2024-11-13,71.0999984741211,REVE11
2024-11-14,68.80000305175781,REVE11
2024-11-18,69.51000213623047,REVE11
2024-11-19,69.88999938964844,REVE11
2024-11-21,71.22000122070312,REVE11
2024-11-22,72.45999908447266,REVE11
2024-11-25,73.4800033569336,REVE11
2024-11-26,72.69999694824219,REVE11
2024-11-27,73.83000183105469,REVE11
2024-11-28,73.83000183105469,REVE11
2024-11-29,74.7699966430664,REVE11
2024-12-02,76.19000244140625,REVE11
2024-12-03,75.47000122070312,REVE11
2024-12-04,75.48999786376953,REVE11
2024-12-05,75.0999984741211,REVE11
2024-12-06,77.5,REVE11
2024-12-09,77.12999725341797,REVE11
2024-12-10,76.30000305175781,REVE11
2024-12-11,76.41000366210938,REVE11
2024-12-12,76.55000305175781,REVE11
2024-12-13,76.87999725341797,REVE11
2024-12-16,76.87999725341797,REVE11
2024-12-17,78.7300033569336,REVE11
2024-12-18,77.5999984741211,REVE11
2024-12-19,75.08999633789062,REVE11
2024-12-20,74.62000274658203,REVE11
2024-12-23,76.58999633789062,REVE11
2024-12-26,77.54000091552734,REVE11
2024-12-27,76.3499984741211,REVE11
2024-12-30,75.0,REVE11
2025-01-02,73.0,REVE11
2025-01-03,76.04000091552734,REVE11
2025-01-06,75.41000366210938,REVE11
2025-01-07,74.38999938964844,REVE11
2025-01-08,74.16999816894531,REVE11
2025-01-09,74.16999816894531,REVE11
2025-01-10,73.02999877929688,REVE11
2025-01-13,73.08999633789062,REVE11
2025-01-14,73.12000274658203,REVE11
2025-01-15,74.31999969482422,REVE11
2025-01-16,75.2699966430664,REVE11
2025-01-17,75.70999908447266,REVE11
2025-01-20,78.98999786376953,REVE11
2025-01-21,75.2699966430664,REVE11
2025-01-22,73.23999786376953,REVE11
2025-01-23,73.8499984741211,REVE11
2025-01-24,73.5999984741211,REVE11
2025-01-27,71.94000244140625,REVE11
2025-01-28,70.79000091552734,REVE11
2025-01-29,71.4000015258789,REVE11
2025-01-30,72.88999938964844,REVE11
2025-01-31,71.81999969482422,REVE11
2025-02-03,70.02999877929688,REVE11
2025-02-04,70.19999694824219,REVE11
2025-02-05,70.79000091552734,REVE11
2025-02-06,71.0,REVE11
2025-02-07,69.80000305175781,REVE11
2025-02-10,70.06999969482422,REVE11
2025-02-11,70.06999969482422,REVE11
2025-02-12,69.33999633789062,REVE11
2025-02-13,70.33000183105469,REVE11
2025-02-14,69.70999908447266,REVE11
2025-02-17,69.70999908447266,REVE11
2025-02-18,70.29000091552734,REVE11
2025-02-19,70.44999694824219,REVE11
2025-02-20,68.58999633789062,REVE11
2025-02-21,68.7300033569336,REVE11
2025-02-24,68.72000122070312,REVE11
2025-02-25,66.93000030517578,REVE11
2025-02-26,67.87999725341797,REVE11
2025-02-27,67.4800033569336,REVE11
2025-02-28,68.4800033569336,REVE11
2025-03-05,66.01000213623047,REVE11
2025-03-06,64.4800033569336,REVE11
2025-03-07,65.2699966430664,REVE11
2025-03-10,62.099998474121094,REVE11
2025-03-11,62.40999984741211,REVE11
2025-03-12,63.310001373291016,REVE11
2025-03-13,62.209999084472656,REVE11
2025-03-14,63.0,REVE11
2025-03-17,62.97999954223633,REVE11
2025-03-18,62.36000061035156,REVE11
2025-03-19,62.70000076293945,REVE11
2025-03-20,62.599998474121094,REVE11
2025-03-21,63.119998931884766,REVE11
2025-03-24,65.19999694824219,REVE11
2025-03-25,64.6500015258789,REVE11
2025-03-26,64.1500015258789,REVE11
2025-03-27,63.84000015258789,REVE11
2025-03-28,62.90999984741211,REVE11
2025-03-31,60.459999084472656,REVE11
2025-04-01,61.560001373291016,REVE11
2025-04-02,63.5099983215332,REVE11
2025-04-03,60.09000015258789,REVE11
2025-04-04,59.95000076293945,REVE11
2025-04-07,58.79999923706055,REVE11
2025-04-08,58.27000045776367,REVE11
2025-04-09,62.0,REVE11
2025-04-10,60.400001525878906,REVE11
2025-04-11,60.79999923706055,REVE11
2025-04-14,61.29999923706055,REVE11
2025-04-15,61.29999923706055,REVE11
2025-04-16,60.33000183105469,REVE11
2025-04-17,60.33000183105469,REVE11
2025-04-22,59.369998931884766,REVE11
2025-04-23,59.369998931884766,REVE11
2025-04-24,61.130001068115234,REVE11
2025-04-25,61.95000076293945,REVE11
2025-04-28,62.310001373291016,REVE11
2025-04-29,61.36000061035156,REVE11
2025-04-30,62.54999923706055,REVE11
2025-05-02,64.04000091552734,REVE11
2025-05-05,66.0,REVE11
2025-05-06,63.38999938964844,REVE11
2025-05-07,63.90999984741211,REVE11
2025-05-08,64.5199966430664,REVE11
2025-05-09,64.23999786376953,REVE11
2025-05-12,66.30999755859375,REVE11
2025-05-13,66.5199966430664,REVE11
2025-05-14,67.0999984741211,REVE11
2025-05-15,67.63999938964844,REVE11
2025-05-16,67.4000015258789,REVE11
2025-05-19,67.80999755859375,REVE11
2025-05-20,67.7300033569336,REVE11
2025-05-21,65.8499984741211,REVE11
2025-05-22,65.8499984741211,REVE11
2025-05-23,65.83999633789062,REVE11
2025-05-26,65.83999633789062,REVE11
2025-05-27,65.83999633789062,REVE11
2025-05-28,66.4000015258789,REVE11
2025-05-29,66.4000015258789,REVE11
2025-05-30,66.73999786376953,REVE11
2025-06-02,66.51000213623047,REVE11
2025-06-03,66.62000274658203,REVE11
2025-06-04,65.6500015258789,REVE11
2025-06-05,64.55000305175781,REVE11
2025-06-06,65.05000305175781,REVE11
2025-06-09,65.36000061035156,REVE11
2025-06-10,65.5199966430664,REVE11
2025-06-11,64.87999725341797,REVE11
2025-06-12,64.80999755859375,REVE11
2025-06-13,64.44000244140625,REVE11
2025-06-16,64.55000305175781,REVE11
2025-06-17,63.540000915527344,REVE11
2025-06-18,63.810001373291016,REVE11
2025-06-20,63.56999969482422,REVE11
2025-06-23,64.22000122070312,REVE11
2025-06-24,64.76000213623047,REVE11
2025-06-25,64.52999877929688,REVE11
2025-06-26,63.41999816894531,REVE11
2025-06-27,63.33000183105469,REVE11
2025-06-30,63.540000915527344,REVE11
2025-07-01,63.72999954223633,REVE11
2025-07-02,64.04000091552734,REVE11
2025-07-03,64.05999755859375,REVE11
2025-07-04,64.55999755859375,REVE11
2025-07-07,64.05999755859375,REVE11
2025-07-08,64.05999755859375,REVE11
2025-07-09,64.38999938964844,REVE11
2025-07-10,65.37999725341797,REVE11
2025-07-11,65.20999908447266,REVE11
2025-07-14,65.25,REVE11
2025-07-15,64.5999984741211,REVE11
2025-07-16,64.76000213623047,REVE11
2025-07-17,65.41000366210938,REVE11
2025-07-18,65.91000366210938,REVE11
2025-07-21,65.91000366210938,REVE11
2025-07-22,66.44999694824219,REVE11
2025-07-23,66.31999969482422,REVE11
2025-07-24,65.52999877929688,REVE11
2025-07-25,66.38999938964844,REVE11
2025-07-28,67.12000274658203,REVE11
2025-07-29,66.30000305175781,REVE11
2025-07-30,66.02999877929688,REVE11
2025-07-31,66.5999984741211,REVE11
2025-08-01,66.26000213623047,REVE11
2025-08-04,64.08999633789062,REVE11
2025-08-05,63.88999938964844,REVE11
2025-08-06,63.709999084472656,REVE11
2025-08-07,63.5,REVE11
2025-08-08,63.83000183105469,REVE11
2025-08-11,63.15999984741211,REVE11
2025-08-12,63.209999084472656,REVE11
2025-08-13,63.93000030517578,REVE11
2025-08-14,63.689998626708984,REVE11
2025-08-15,63.2400016784668,REVE11
2025-08-18,64.25,REVE11
2025-08-19,64.73999786376953,REVE11
2025-08-20,64.73999786376953,REVE11
2025-08-21,64.30000305175781,REVE11
2025-08-22,65.51000213623047,REVE11
2025-08-25,65.23999786376953,REVE11
2025-08-26,65.23999786376953,REVE11
2025-08-27,65.51000213623047,REVE11
2025-08-28,64.98999786376953,REVE11
2025-08-29,64.98999786376953,REVE11
2025-09-01,64.98999786376953,REVE11
2025-09-02,65.0999984741211,REVE11
2025-09-03,65.12000274658203,REVE11
2025-09-04,65.30000305175781,REVE11
2025-09-05,65.38999938964844,REVE11
2025-09-08,65.69000244140625,REVE11
2025-09-09,65.52999877929688,REVE11
2025-09-10,65.37999725341797,REVE11
2025-09-11,66.06999969482422,REVE11
2025-09-12,66.22000122070312,REVE11
2025-09-15,66.19999694824219,REVE11
2025-09-16,65.79000091552734,REVE11
2025-09-17,65.68000030517578,REVE11
2025-09-18,65.68000030517578,REVE11
2025-09-19,66.58000183105469,REVE11
2025-09-22,67.25,REVE11
2025-09-23,66.16000366210938,REVE11
2025-09-24,66.62999725341797,REVE11
2025-09-25,66.61000061035156,REVE11
2025-09-26,67.41000366210938,REVE11
2025-09-29,67.0999984741211,REVE11
2025-09-30,66.88999938964844,REVE11
2025-10-01,67.86000061035156,REVE11
2025-10-02,67.33999633789062,REVE11
2025-10-03,67.08999633789062,REVE11
2025-10-06,67.20999908447266,REVE11
2025-10-07,67.05000305175781,REVE11
2025-10-08,67.41999816894531,REVE11
2025-10-09,67.75,REVE11
2025-10-10,68.13999938964844,REVE11
2025-10-13,67.9000015258789,REVE11
2025-10-14,68.23999786376953,REVE11
2025-10-15,68.77999877929688,REVE11
2025-10-16,67.02999877929688,REVE11
2025-10-17,67.2699966430664,REVE11
2025-10-20,66.97000122070312,REVE11
2025-10-21,66.97000122070312,REVE11
2025-10-22,66.91999816894531,REVE11
2025-10-23,67.04000091552734,REVE11
2025-10-24,67.86717987060547,REVE11
2025-10-27,68.13999938964844,REVE11
2025-10-28,67.73999786376953,REVE11
2025-10-29,66.72000122070312,REVE11
2025-10-30,67.55999755859375,REVE11
2025-10-31,67.37999725341797,REVE11
2025-11-03,67.5199966430664,REVE11
2025-11-04,67.04000091552734,REVE11
2025-11-05,67.05999755859375,REVE11
2025-11-06,66.36000061035156,REVE11
2025-11-07,65.69999694824219,REVE11
2025-11-10,66.86000061035156,REVE11
2025-11-11,66.02999877929688,REVE11
2025-11-12,65.87000274658203,REVE11
2025-11-13,64.87999725341797,REVE11
2025-11-14,64.75,REVE11
2025-11-17,64.05000305175781,REVE11
2025-11-18,63.29999923706055,REVE11
2025-11-19,63.56999969482422,REVE11
2025-11-21,65.30000305175781,REVE11
2025-11-24,64.69999694824219,REVE11
2025-11-25,65.12999725341797,REVE11
2025-11-26,64.95999908447266,REVE11
2025-11-27,64.5999984741211,REVE11
2025-11-28,65.72000122070312,REVE11
2025-12-01,65.72000122070312,REVE11
2025-12-02,64.93000030517578,REVE11
2025-12-03,64.44999694824219,REVE11
2025-12-04,65.72000122070312,REVE11
2025-12-05,67.58000183105469,REVE11
2025-12-08,66.66000366210938,REVE11
2025-12-09,66.72000122070312,REVE11
2025-12-10,68.05999755859375,REVE11
2025-12-11,67.47000122070312,REVE11
2025-12-12,67.80999755859375,REVE11
2025-12-15,68.11000061035156,REVE11
2025-12-16,68.91000366210938,REVE11
2025-12-17,68.97000122070312,REVE11
2025-12-18,69.52999877929688,REVE11
2025-12-19,70.22000122070312,REVE11
2025-12-22,71.08999633789062,REVE11
2025-12-23,70.05000305175781,REVE11
2025-12-26,70.19999694824219,REVE11
2025-12-29,70.20999908447266,REVE11
2025-12-30,70.20999908447266,REVE11
2026-01-02,67.26000213623047,REVE11
2026-01-05,67.52999877929688,REVE11
2026-01-06,67.16000366210938,REVE11
2026-01-07,66.41000366210938,REVE11
2026-01-08,66.05000305175781,REVE11
2026-01-09,66.4000015258789,REVE11
2026-01-12,67.0199966430664,REVE11
2026-01-13,66.8499984741211,REVE11
2026-01-14,66.38999938964844,REVE11
2026-01-15,66.44000244140625,REVE11
2026-01-16,65.91999816894531,REVE11
2026-01-19,65.91999816894531,REVE11
2026-01-20,64.52999877929688,REVE11
2026-01-21,65.04000091552734,REVE11
2026-01-22,65.04000091552734,REVE11
2026-01-23,65.01000213623047,REVE11
2026-01-26,65.69000244140625,REVE11
2026-01-27,64.94999694824219,REVE11
2026-01-28,65.3499984741211,REVE11
2026-01-29,64.0,REVE11
2026-01-30,64.70999908447266,REVE11
2026-02-02,64.87000274658203,REVE11
2026-02-03,64.62000274658203,REVE11
2026-02-04,66.0199966430664,REVE11
2026-02-05,66.69000244140625,REVE11
2026-02-06,66.3499984741211,REVE11
2026-02-09,66.87000274658203,REVE11
2026-02-10,66.87000274658203,REVE11
2026-02-11,67.66000366210938,REVE11
2026-02-12,67.5999984741211,REVE11
2026-02-13,68.11000061035156,REVE11
2026-02-18,67.48999786376953,REVE11
2026-02-19,66.97000122070312,REVE11
2026-02-20,66.62000274658203,REVE11
2026-02-23,66.62000274658203,REVE11
2026-02-24,65.37999725341797,REVE11
2026-02-25,64.76000213623047,REVE11
2026-02-26,64.76000213623047,REVE11
2026-02-27,64.76000213623047,REVE11
2026-03-02,65.23999786376953,REVE11
2026-03-03,65.9000015258789,REVE11
2026-03-04,65.9000015258789,REVE11
2026-03-05,65.38999938964844,REVE11
2026-03-06,64.2699966430664,REVE11
2026-03-09,63.7599983215332,REVE11
2026-03-10,63.369998931884766,REVE11
2026-03-11,63.380001068115234,REVE11
2026-03-12,63.380001068115234,REVE11
2026-03-13,63.380001068115234,REVE11
2026-03-16,64.29000091552734,REVE11
2026-03-17,63.779998779296875,REVE11
2026-03-18,63.72999954223633,REVE11
2026-03-19,63.36000061035156,REVE11
2026-03-20,63.36000061035156,REVE11
2026-03-23,63.310001373291016,REVE11
2026-03-24,64.56999969482422,REVE11
2026-03-25,64.83999633789062,REVE11
2026-03-26,64.4000015258789,REVE11
2026-03-27,63.15999984741211,REVE11
2026-03-30,63.15999984741211,REVE11
2026-03-31,63.47999954223633,REVE11
2026-04-01,64.13999938964844,REVE11
2026-04-02,64.66999816894531,REVE11
2026-04-06,64.66999816894531,REVE11
2026-04-07,64.66999816894531,REVE11
2026-04-08,64.38999938964844,REVE11
2026-04-09,64.38999938964844,REVE11
2026-04-10,64.38999938964844,REVE11
2026-04-13,64.47000122070312,REVE11
2026-04-14,63.939998626708984,REVE11
2026-04-15,63.959999084472656,REVE11
2026-04-16,64.01000213623047,REVE11
2026-04-17,66.0,REVE11
2026-04-20,67.41999816894531,REVE11
2026-04-22,66.69999694824219,REVE11
2026-04-23,67.25,REVE11
2026-04-24,66.69000244140625,REVE11
2026-04-27,66.6500015258789,REVE11
2026-04-28,65.47000122070312,REVE11
2026-04-29,66.18000030517578,REVE11
2026-04-30,66.18000030517578,REVE11
2026-05-04,67.4800033569336,REVE11
2026-05-05,67.41999816894531,REVE11
2026-05-06,67.33999633789062,REVE11
2026-05-07,67.33999633789062,REVE11
2026-05-08,67.33999633789062,REVE11
2026-05-11,67.33999633789062,REVE11
2026-05-12,66.95999908447266,REVE11
2026-05-13,67.80000305175781,REVE11
2026-05-14,70.05999755859375,REVE11
2026-05-15,69.75,REVE11
2026-05-18,69.04000091552734,REVE11
2026-05-19,68.31999969482422,REVE11
2026-05-20,69.20999908447266,REVE11
2026-05-21,68.76000213623047,REVE11
2026-05-22,72.04000091552734,REVE11
2026-05-25,70.5,REVE11
2026-05-26,72.13999938964844,REVE11
2026-05-27,72.76000213623047,REVE11
2026-05-28,72.91000366210938,REVE11
2026-05-29,74.72000122070312,REVE11
2026-06-01,75.44999694824219,REVE11
2026-06-02,78.77999877929688,REVE11
2026-06-03,79.19999694824219,REVE11
2026-06-05,77.88999938964844,REVE11
2026-06-08,78.91999816894531,REVE11
2026-06-09,75.95999908447266,REVE11
2026-06-10,75.95999908447266,REVE11
2026-06-11,75.05000305175781,REVE11
2026-06-12,76.0,REVE11
2026-06-15,76.01000213623047,REVE11
2026-06-16,75.70999908447266,REVE11
2026-06-17,74.83000183105469,REVE11
2026-06-18,75.55000305175781,REVE11
2026-06-19,75.55000305175781,REVE11
2026-06-22,75.98999786376953,REVE11
2026-06-23,76.4800033569336,REVE11
2026-06-24,76.4800033569336,REVE11
2026-06-25,76.4800033569336,REVE11
2026-06-26,74.83999633789062,REVE11
2026-06-29,75.0199966430664,REVE11
2026-06-30,75.0199966430664,REVE11
2026-07-01,77.18000030517578,REVE11
2026-07-02,75.0199966430664,REVE11
2026-07-03,74.19999694824219,REVE11
2026-07-06,75.6500015258789,REVE11
2026-07-07,74.80000305175781,REVE11
2026-07-08,74.69000244140625,REVE11
2026-07-09,75.94999694824219,REVE11
2026-07-10,75.98999786376953,REVE11
2026-07-13,75.36000061035156,REVE11
2026-07-14,75.12999725341797,REVE11
2026-07-15,74.6500015258789,REVE11
2026-07-16,74.9800033569336,REVE11
2026-07-17,74.94000244140625,REVE11
2026-07-20,73.25,REVE11
2026-07-21,73.77999877929688,REVE11
2026-07-22,73.9000015258789,REVE11
2026-07-23,73.66999816894531,REVE11
2026-07-24,73.6500015258789,REVE11
2026-07-27,73.56999969482422,REVE11
2026-07-28,72.80999755859375,REVE11
2026-07-29,73.80000305175781,REVE11
2023-07-31,117.94999694824219,BOVA11
2023-08-01,117.5199966430664,BOVA11
2023-08-02,117.01000213623047,BOVA11
2023-08-03,116.70999908447266,BOVA11
2023-08-04,115.66000366210938,BOVA11
2023-08-07,115.61000061035156,BOVA11
2023-08-08,115.2699966430664,BOVA11
2023-08-09,114.69999694824219,BOVA11
2023-08-10,114.51000213623047,BOVA11
2023-08-11,114.25,BOVA11
2023-08-14,113.30999755859375,BOVA11
2023-08-15,112.37000274658203,BOVA11
2023-08-16,111.87000274658203,BOVA11
2023-08-17,111.36000061035156,BOVA11
2023-08-18,111.69999694824219,BOVA11
2023-08-21,110.79000091552734,BOVA11
2023-08-22,112.41000366210938,BOVA11
2023-08-23,114.30000305175781,BOVA11
2023-08-24,113.30000305175781,BOVA11
2023-08-25,112.1500015258789,BOVA11
2023-08-28,113.5,BOVA11
2023-08-29,114.62000274658203,BOVA11
2023-08-30,113.9000015258789,BOVA11
2023-08-31,112.30999755859375,BOVA11
2023-09-01,114.05000305175781,BOVA11
2023-09-04,114.13999938964844,BOVA11
2023-09-05,113.62000274658203,BOVA11
2023-09-06,112.25,BOVA11
2023-09-08,111.66000366210938,BOVA11
2023-09-11,113.4800033569336,BOVA11
2023-09-12,114.22000122070312,BOVA11
2023-09-13,114.45999908447266,BOVA11
2023-09-14,115.58999633789062,BOVA11
2023-09-15,114.91999816894531,BOVA11
2023-09-18,114.6500015258789,BOVA11
2023-09-19,114.0999984741211,BOVA11
2023-09-20,115.02999877929688,BOVA11
2023-09-21,112.5999984741211,BOVA11
2023-09-22,112.61000061035156,BOVA11
2023-09-25,112.56999969482422,BOVA11
2023-09-26,110.6500015258789,BOVA11
2023-09-27,110.69999694824219,BOVA11
2023-09-28,112.18000030517578,BOVA11
2023-09-29,113.1500015258789,BOVA11
2023-10-02,111.48999786376953,BOVA11
2023-10-03,109.81999969482422,BOVA11
2023-10-04,110.18000030517578,BOVA11
2023-10-05,109.75,BOVA11
2023-10-06,110.66000366210938,BOVA11
2023-10-09,111.73999786376953,BOVA11
2023-10-10,113.12999725341797,BOVA11
2023-10-11,113.5,BOVA11
2023-10-13,112.05999755859375,BOVA11
2023-10-16,112.94000244140625,BOVA11
2023-10-17,112.33999633789062,BOVA11
2023-10-18,110.37000274658203,BOVA11
2023-10-19,110.5999984741211,BOVA11
2023-10-20,109.5,BOVA11
2023-10-23,109.3499984741211,BOVA11
2023-10-24,110.23999786376953,BOVA11
2023-10-25,109.3499984741211,BOVA11
2023-10-26,111.4000015258789,BOVA11
2023-10-27,109.8499984741211,BOVA11
2023-10-30,108.95999908447266,BOVA11
2023-10-31,109.62000274658203,BOVA11
2023-11-01,111.55999755859375,BOVA11
2023-11-03,114.75,BOVA11
2023-11-06,114.80999755859375,BOVA11
2023-11-07,115.66999816894531,BOVA11
2023-11-08,115.5199966430664,BOVA11
2023-11-09,115.18000030517578,BOVA11
2023-11-10,117.01000213623047,BOVA11
2023-11-13,116.81999969482422,BOVA11
2023-11-14,119.61000061035156,BOVA11
2023-11-16,120.95999908447266,BOVA11
2023-11-17,121.20999908447266,BOVA11
2023-11-20,122.25,BOVA11
2023-11-21,121.76000213623047,BOVA11
2023-11-22,122.1500015258789,BOVA11
2023-11-23,122.83000183105469,BOVA11
2023-11-24,121.66000366210938,BOVA11
2023-11-27,121.94000244140625,BOVA11
2023-11-28,122.72000122070312,BOVA11
2023-11-29,122.2699966430664,BOVA11
2023-11-30,123.56999969482422,BOVA11
2023-12-01,124.12000274658203,BOVA11
2023-12-04,122.95999908447266,BOVA11
2023-12-05,123.01000213623047,BOVA11
2023-12-06,121.72000122070312,BOVA11
2023-12-07,122.29000091552734,BOVA11
2023-12-08,123.30999755859375,BOVA11
2023-12-11,123.11000061035156,BOVA11
2023-12-12,122.5999984741211,BOVA11
2023-12-13,126.12000274658203,BOVA11
2023-12-14,126.87999725341797,BOVA11
2023-12-15,126.27999877929688,BOVA11
2023-12-18,127.2699966430664,BOVA11
2023-12-19,128.0500030517578,BOVA11
2023-12-20,126.81999969482422,BOVA11
2023-12-21,128.35000610351562,BOVA11
2023-12-22,128.94000244140625,BOVA11
2023-12-26,129.64999389648438,BOVA11
2023-12-27,130.4600067138672,BOVA11
2023-12-28,130.38999938964844,BOVA11
2024-01-02,128.75999450683594,BOVA11
2024-01-03,128.99000549316406,BOVA11
2024-01-04,127.3499984741211,BOVA11
2024-01-05,128.25,BOVA11
2024-01-08,128.57000732421875,BOVA11
2024-01-09,127.58999633789062,BOVA11
2024-01-10,126.94000244140625,BOVA11
2024-01-11,126.80999755859375,BOVA11
2024-01-12,127.2300033569336,BOVA11
2024-01-15,127.81999969482422,BOVA11
2024-01-16,125.48999786376953,BOVA11
2024-01-17,124.52999877929688,BOVA11
2024-01-18,123.55999755859375,BOVA11
2024-01-19,123.83999633789062,BOVA11
2024-01-22,122.69999694824219,BOVA11
2024-01-23,124.55000305175781,BOVA11
2024-01-24,123.97000122070312,BOVA11
2024-01-25,124.45999908447266,BOVA11
2024-01-26,125.08000183105469,BOVA11
2024-01-29,124.75,BOVA11
2024-01-30,123.56999969482422,BOVA11
2024-01-31,123.94999694824219,BOVA11
2024-02-01,124.76000213623047,BOVA11
2024-02-02,123.31999969482422,BOVA11
2024-02-05,123.86000061035156,BOVA11
2024-02-06,126.87999725341797,BOVA11
2024-02-07,126.05000305175781,BOVA11
2024-02-08,124.51000213623047,BOVA11
2024-02-09,124.12999725341797,BOVA11
2024-02-14,123.2300033569336,BOVA11
2024-02-15,124.05999755859375,BOVA11
2024-02-16,124.87999725341797,BOVA11
2024-02-19,125.13999938964844,BOVA11
2024-02-20,126.19000244140625,BOVA11
2024-02-21,126.18000030517578,BOVA11
2024-02-22,126.30000305175781,BOVA11
2024-02-23,125.61000061035156,BOVA11
2024-02-26,125.7699966430664,BOVA11
2024-02-27,127.83999633789062,BOVA11
2024-02-28,126.26000213623047,BOVA11
2024-02-29,125.25,BOVA11
2024-03-01,125.23999786376953,BOVA11
2024-03-04,124.5,BOVA11
2024-03-05,124.4000015258789,BOVA11
2024-03-06,125.1500015258789,BOVA11
2024-03-07,124.66999816894531,BOVA11
2024-03-08,123.26000213623047,BOVA11
2024-03-11,122.31999969482422,BOVA11
2024-03-12,123.80999755859375,BOVA11
2024-03-13,124.37000274658203,BOVA11
2024-03-14,123.81999969482422,BOVA11
2024-03-15,122.87000274658203,BOVA11
2024-03-18,123.05000305175781,BOVA11
2024-03-19,123.94999694824219,BOVA11
2024-03-20,125.44999694824219,BOVA11
2024-03-21,124.37000274658203,BOVA11
2024-03-22,123.20999908447266,BOVA11
2024-03-25,123.19000244140625,BOVA11
2024-03-26,123.23999786376953,BOVA11
2024-03-27,124.05000305175781,BOVA11
2024-03-28,124.33000183105469,BOVA11
2024-04-01,123.29000091552734,BOVA11
2024-04-02,123.73999786376953,BOVA11
2024-04-03,123.54000091552734,BOVA11
2024-04-04,123.68000030517578,BOVA11
2024-04-05,122.9000015258789,BOVA11
2024-04-08,125.12999725341797,BOVA11
2024-04-09,125.91000366210938,BOVA11
2024-04-10,124.1500015258789,BOVA11
2024-04-11,123.72000122070312,BOVA11
2024-04-12,122.12000274658203,BOVA11
2024-04-15,121.55000305175781,BOVA11
2024-04-16,120.8499984741211,BOVA11
2024-04-17,120.54000091552734,BOVA11
2024-04-18,120.4800033569336,BOVA11
2024-04-19,121.5199966430664,BOVA11
2024-04-22,121.80000305175781,BOVA11
2024-04-23,121.41000366210938,BOVA11
2024-04-24,120.97000122070312,BOVA11
2024-04-25,120.91000366210938,BOVA11
2024-04-26,122.83000183105469,BOVA11
2024-04-29,123.7699966430664,BOVA11
2024-04-30,122.37999725341797,BOVA11
2024-05-02,123.3499984741211,BOVA11
2024-05-03,124.94999694824219,BOVA11
2024-05-06,124.70999908447266,BOVA11
2024-05-07,125.4000015258789,BOVA11
2024-05-08,125.75,BOVA11
2024-05-09,124.5199966430664,BOVA11
2024-05-10,124.01000213623047,BOVA11
2024-05-13,124.55999755859375,BOVA11
2024-05-14,124.80999755859375,BOVA11
2024-05-15,124.2300033569336,BOVA11
2024-05-16,124.55000305175781,BOVA11
2024-05-17,124.37000274658203,BOVA11
2024-05-20,124.12000274658203,BOVA11
2024-05-21,123.69999694824219,BOVA11
2024-05-22,122.06999969482422,BOVA11
2024-05-23,121.0999984741211,BOVA11
2024-05-24,120.63999938964844,BOVA11
2024-05-27,120.87000274658203,BOVA11
2024-05-28,120.18000030517578,BOVA11
2024-05-29,119.12000274658203,BOVA11
2024-05-31,118.66000366210938,BOVA11
2024-06-03,118.44000244140625,BOVA11
2024-06-04,118.16000366210938,BOVA11
2024-06-05,117.9000015258789,BOVA11
2024-06-06,119.4000015258789,BOVA11
2024-06-07,117.12999725341797,BOVA11
2024-06-10,117.3499984741211,BOVA11
2024-06-11,118.0,BOVA11
2024-06-12,116.45999908447266,BOVA11
2024-06-13,116.18000030517578,BOVA11
2024-06-14,116.22000122070312,BOVA11
2024-06-17,115.73999786376953,BOVA11
2024-06-18,116.12000274658203,BOVA11
2024-06-19,116.76000213623047,BOVA11
2024-06-20,117.12000274658203,BOVA11
2024-06-21,118.0199966430664,BOVA11
2024-06-24,119.08000183105469,BOVA11
2024-06-25,118.9000015258789,BOVA11
2024-06-26,119.13999938964844,BOVA11
2024-06-27,120.80000305175781,BOVA11
2024-06-28,120.37999725341797,BOVA11
2024-07-01,121.08000183105469,BOVA11
2024-07-02,121.33000183105469,BOVA11
2024-07-03,122.13999938964844,BOVA11
2024-07-04,122.62000274658203,BOVA11
2024-07-05,122.69999694824219,BOVA11
2024-07-08,122.94000244140625,BOVA11
2024-07-09,123.54000091552734,BOVA11
2024-07-10,123.5,BOVA11
2024-07-11,124.56999969482422,BOVA11
2024-07-12,125.19999694824219,BOVA11
2024-07-15,125.72000122070312,BOVA11
2024-07-16,125.37000274658203,BOVA11
2024-07-17,125.81999969482422,BOVA11
2024-07-18,124.0199966430664,BOVA11
2024-07-19,124.0,BOVA11
2024-07-22,124.26000213623047,BOVA11
2024-07-23,122.94999694824219,BOVA11
2024-07-24,122.86000061035156,BOVA11
2024-07-25,122.41000366210938,BOVA11
2024-07-26,123.9800033569336,BOVA11
2024-07-29,123.45999908447266,BOVA11
2024-07-30,122.70999908447266,BOVA11
2024-07-31,124.04000091552734,BOVA11
2024-08-01,123.73999786376953,BOVA11
2024-08-02,122.37999725341797,BOVA11
2024-08-05,121.7699966430664,BOVA11
2024-08-06,122.73999786376953,BOVA11
2024-08-07,124.04000091552734,BOVA11
2024-08-08,125.30000305175781,BOVA11
2024-08-09,127.12999725341797,BOVA11
2024-08-12,127.6500015258789,BOVA11
2024-08-13,128.77999877929688,BOVA11
2024-08-14,129.67999267578125,BOVA11
2024-08-15,130.49000549316406,BOVA11
2024-08-16,130.2899932861328,BOVA11
2024-08-19,131.97999572753906,BOVA11
2024-08-20,132.44000244140625,BOVA11
2024-08-21,132.74000549316406,BOVA11
2024-08-22,131.57000732421875,BOVA11
2024-08-23,131.97999572753906,BOVA11
2024-08-26,133.2100067138672,BOVA11
2024-08-27,133.00999450683594,BOVA11
2024-08-28,133.6199951171875,BOVA11
2024-08-29,132.1699981689453,BOVA11
2024-08-30,132.60000610351562,BOVA11
2024-09-02,131.10000610351562,BOVA11
2024-09-03,130.6300048828125,BOVA11
2024-09-04,132.3800048828125,BOVA11
2024-09-05,132.88999938964844,BOVA11
2024-09-06,130.9600067138672,BOVA11
2024-09-09,131.0399932861328,BOVA11
2024-09-10,130.6300048828125,BOVA11
2024-09-11,131.2100067138672,BOVA11
2024-09-12,130.30999755859375,BOVA11
2024-09-13,131.2100067138672,BOVA11
2024-09-16,131.3800048828125,BOVA11
2024-09-17,131.3300018310547,BOVA11
2024-09-18,130.0500030517578,BOVA11
2024-09-19,129.3699951171875,BOVA11
2024-09-20,127.62999725341797,BOVA11
2024-09-23,127.0,BOVA11
2024-09-24,128.67999267578125,BOVA11
2024-09-25,127.91999816894531,BOVA11
2024-09-26,129.3300018310547,BOVA11
2024-09-27,129.0399932861328,BOVA11
2024-09-30,128.42999267578125,BOVA11
2024-10-01,128.86000061035156,BOVA11
2024-10-02,129.85000610351562,BOVA11
2024-10-03,128.02999877929688,BOVA11
2024-10-04,128.1999969482422,BOVA11
2024-10-07,128.4499969482422,BOVA11
2024-10-08,127.93000030517578,BOVA11
2024-10-09,126.3499984741211,BOVA11
2024-10-10,126.80000305175781,BOVA11
2024-10-11,126.47000122070312,BOVA11
2024-10-14,127.5,BOVA11
2024-10-15,127.4000015258789,BOVA11
2024-10-16,128.07000732421875,BOVA11
2024-10-17,127.30999755859375,BOVA11
2024-10-18,127.0,BOVA11
2024-10-21,126.75,BOVA11
2024-10-22,126.5,BOVA11
2024-10-23,125.80999755859375,BOVA11
2024-10-24,126.5999984741211,BOVA11
2024-10-25,126.3499984741211,BOVA11
2024-10-28,127.83999633789062,BOVA11
2024-10-29,127.25,BOVA11
2024-10-30,127.2300033569336,BOVA11
2024-10-31,126.26000213623047,BOVA11
2024-11-01,124.5999984741211,BOVA11
2024-11-04,127.1500015258789,BOVA11
2024-11-05,127.1500015258789,BOVA11
2024-11-06,126.30000305175781,BOVA11
2024-11-07,126.05999755859375,BOVA11
2024-11-08,124.5,BOVA11
2024-11-11,124.3499984741211,BOVA11
2024-11-12,124.19999694824219,BOVA11
2024-11-13,124.33000183105469,BOVA11
2024-11-14,124.2699966430664,BOVA11
2024-11-18,124.41000366210938,BOVA11
2024-11-19,124.87999725341797,BOVA11
2024-11-21,123.5999984741211,BOVA11
2024-11-22,126.0199966430664,BOVA11
2024-11-25,125.66999816894531,BOVA11
2024-11-26,126.6500015258789,BOVA11
2024-11-27,124.0999984741211,BOVA11
2024-11-28,121.30000305175781,BOVA11
2024-11-29,122.31999969482422,BOVA11
2024-12-02,121.87999725341797,BOVA11
2024-12-03,122.68000030517578,BOVA11
2024-12-04,122.75,BOVA11
2024-12-05,124.51000213623047,BOVA11
2024-12-06,122.45999908447266,BOVA11
2024-12-09,123.76000213623047,BOVA11
2024-12-10,124.77999877929688,BOVA11
2024-12-11,126.61000061035156,BOVA11
2024-12-12,122.72000122070312,BOVA11
2024-12-13,121.62999725341797,BOVA11
2024-12-16,120.22000122070312,BOVA11
2024-12-17,121.5999984741211,BOVA11
2024-12-18,118.19999694824219,BOVA11
2024-12-19,117.9800033569336,BOVA11
2024-12-20,119.05000305175781,BOVA11
2024-12-23,117.69999694824219,BOVA11
2024-12-26,117.95999908447266,BOVA11
2024-12-27,117.26000213623047,BOVA11
2024-12-30,117.2699966430664,BOVA11
2025-01-02,117.0999984741211,BOVA11
2025-01-03,115.44999694824219,BOVA11
2025-01-06,117.06999969482422,BOVA11
2025-01-07,118.1500015258789,BOVA11
2025-01-08,116.66999816894531,BOVA11
2025-01-09,116.81999969482422,BOVA11
2025-01-10,115.95999908447266,BOVA11
2025-01-13,116.0199966430664,BOVA11
2025-01-14,116.45999908447266,BOVA11
2025-01-15,119.56999969482422,BOVA11
2025-01-16,118.33000183105469,BOVA11
2025-01-17,119.25,BOVA11
2025-01-20,119.80999755859375,BOVA11
2025-01-21,120.30000305175781,BOVA11
2025-01-22,119.91999816894531,BOVA11
2025-01-23,119.31999969482422,BOVA11
2025-01-24,119.44999694824219,BOVA11
2025-01-27,121.87000274658203,BOVA11
2025-01-28,121.02999877929688,BOVA11
2025-01-29,120.16999816894531,BOVA11
2025-01-30,123.94999694824219,BOVA11
2025-01-31,123.0,BOVA11
2025-02-03,122.63999938964844,BOVA11
2025-02-04,121.91000366210938,BOVA11
2025-02-05,122.37000274658203,BOVA11
2025-02-06,123.16000366210938,BOVA11
2025-02-07,121.4800033569336,BOVA11
2025-02-10,122.55000305175781,BOVA11
2025-02-11,123.44999694824219,BOVA11
2025-02-12,121.25,BOVA11
2025-02-13,121.68000030517578,BOVA11
2025-02-14,124.87000274658203,BOVA11
2025-02-17,125.25,BOVA11
2025-02-18,125.30000305175781,BOVA11
2025-02-19,124.01000213623047,BOVA11
2025-02-20,124.47000122070312,BOVA11
2025-02-21,123.94000244140625,BOVA11
2025-02-24,122.48999786376953,BOVA11
2025-02-25,122.83000183105469,BOVA11
2025-02-26,121.81999969482422,BOVA11
2025-02-27,121.75,BOVA11
2025-02-28,120.01000213623047,BOVA11
2025-03-05,120.05000305175781,BOVA11
2025-03-06,120.4000015258789,BOVA11
2025-03-07,121.94999694824219,BOVA11
2025-03-10,121.30000305175781,BOVA11
2025-03-11,120.55000305175781,BOVA11
2025-03-12,120.73999786376953,BOVA11
2025-03-13,122.51000213623047,BOVA11
2025-03-14,125.75,BOVA11
2025-03-17,127.76000213623047,BOVA11
2025-03-18,128.25999450683594,BOVA11
2025-03-19,129.60000610351562,BOVA11
2025-03-20,128.85000610351562,BOVA11
2025-03-21,128.97999572753906,BOVA11
2025-03-24,128.19000244140625,BOVA11
2025-03-25,129.0399932861328,BOVA11
2025-03-26,129.24000549316406,BOVA11
2025-03-27,129.77999877929688,BOVA11
2025-03-28,128.69000244140625,BOVA11
2025-03-31,127.30000305175781,BOVA11
2025-04-01,128.0399932861328,BOVA11
2025-04-02,128.89999389648438,BOVA11
2025-04-03,128.10000610351562,BOVA11
2025-04-04,124.12999725341797,BOVA11
2025-04-07,122.7300033569336,BOVA11
2025-04-08,121.04000091552734,BOVA11
2025-04-09,124.55000305175781,BOVA11
2025-04-10,123.41000366210938,BOVA11
2025-04-11,124.72000122070312,BOVA11
2025-04-14,126.41000366210938,BOVA11
2025-04-15,126.19999694824219,BOVA11
2025-04-16,125.27999877929688,BOVA11
2025-04-17,126.52999877929688,BOVA11
2025-04-22,127.33000183105469,BOVA11
2025-04-23,129.0800018310547,BOVA11
2025-04-24,131.3800048828125,BOVA11
2025-04-25,131.49000549316406,BOVA11
2025-04-28,131.64999389648438,BOVA11
2025-04-29,131.86000061035156,BOVA11
2025-04-30,131.6300048828125,BOVA11
2025-05-02,131.85000610351562,BOVA11
2025-05-05,130.33999633789062,BOVA11
2025-05-06,130.3800048828125,BOVA11
2025-05-07,130.2100067138672,BOVA11
2025-05-08,133.0399932861328,BOVA11
2025-05-09,133.24000549316406,BOVA11
2025-05-12,133.38999938964844,BOVA11
2025-05-13,135.61000061035156,BOVA11
2025-05-14,135.30999755859375,BOVA11
2025-05-15,136.07000732421875,BOVA11
2025-05-16,136.11000061035156,BOVA11
2025-05-19,136.4199981689453,BOVA11
2025-05-20,136.83999633789062,BOVA11
2025-05-21,134.58999633789062,BOVA11
2025-05-22,134.0500030517578,BOVA11
2025-05-23,134.47000122070312,BOVA11
2025-05-26,135.00999450683594,BOVA11
2025-05-27,136.4600067138672,BOVA11
2025-05-28,135.7100067138672,BOVA11
2025-05-29,135.36000061035156,BOVA11
2025-05-30,133.99000549316406,BOVA11
2025-06-02,133.60000610351562,BOVA11
2025-06-03,134.39999389648438,BOVA11
2025-06-04,133.80999755859375,BOVA11
2025-06-05,133.25,BOVA11
2025-06-06,133.05999755859375,BOVA11
2025-06-09,132.72999572753906,BOVA11
2025-06-10,133.35000610351562,BOVA11
2025-06-11,133.97000122070312,BOVA11
2025-06-12,134.66000366210938,BOVA11
2025-06-13,133.99000549316406,BOVA11
2025-06-16,136.07000732421875,BOVA11
2025-06-17,135.3800048828125,BOVA11
2025-06-18,135.4199981689453,BOVA11
2025-06-20,133.89999389648438,BOVA11
2025-06-23,133.47000122070312,BOVA11
2025-06-24,134.07000732421875,BOVA11
2025-06-25,132.5500030517578,BOVA11
2025-06-26,133.9600067138672,BOVA11
2025-06-27,133.7899932861328,BOVA11
2025-06-30,135.85000610351562,BOVA11
2025-07-01,136.52000427246094,BOVA11
2025-07-02,135.91000366210938,BOVA11
2025-07-03,137.9199981689453,BOVA11
2025-07-04,138.1300048828125,BOVA11
2025-07-07,136.4499969482422,BOVA11
2025-07-08,136.14999389648438,BOVA11
2025-07-09,134.11000061035156,BOVA11
2025-07-10,133.61000061035156,BOVA11
2025-07-11,133.5,BOVA11
2025-07-14,132.08999633789062,BOVA11
2025-07-15,132.3699951171875,BOVA11
2025-07-16,132.39999389648438,BOVA11
2025-07-17,132.47000122070312,BOVA11
2025-07-18,130.3000030517578,BOVA11
2025-07-21,131.1999969482422,BOVA11
2025-07-22,131.14999389648438,BOVA11
2025-07-23,132.38999938964844,BOVA11
2025-07-24,130.77999877929688,BOVA11
2025-07-25,130.4499969482422,BOVA11
2025-07-28,129.25,BOVA11
2025-07-29,129.5,BOVA11
2025-07-30,130.92999267578125,BOVA11
2025-07-31,129.8800048828125,BOVA11
2025-08-01,129.57000732421875,BOVA11
2025-08-04,130.0,BOVA11
2025-08-05,130.16000366210938,BOVA11
2025-08-06,131.49000549316406,BOVA11
2025-08-07,133.52000427246094,BOVA11
2025-08-08,132.91000366210938,BOVA11
2025-08-11,132.5,BOVA11
2025-08-12,135.10000610351562,BOVA11
2025-08-13,133.66000366210938,BOVA11
2025-08-14,133.36000061035156,BOVA11
2025-08-15,133.55999755859375,BOVA11
2025-08-18,134.3300018310547,BOVA11
2025-08-19,131.1699981689453,BOVA11
2025-08-20,131.8000030517578,BOVA11
2025-08-21,131.6300048828125,BOVA11
2025-08-22,135.14999389648438,BOVA11
2025-08-25,135.11000061035156,BOVA11
2025-08-26,134.94000244140625,BOVA11
2025-08-27,136.1999969482422,BOVA11
2025-08-28,138.30999755859375,BOVA11
2025-08-29,138.5,BOVA11
2025-09-01,138.2899932861328,BOVA11
2025-09-02,137.3699951171875,BOVA11
2025-09-03,136.8699951171875,BOVA11
2025-09-04,138.00999450683594,BOVA11
2025-09-05,139.64999389648438,BOVA11
2025-09-08,138.8000030517578,BOVA11
2025-09-09,138.60000610351562,BOVA11
2025-09-10,139.16000366210938,BOVA11
2025-09-11,139.9600067138672,BOVA11
2025-09-12,139.2100067138672,BOVA11
2025-09-15,140.4499969482422,BOVA11
2025-09-16,141.11000061035156,BOVA11
2025-09-17,142.60000610351562,BOVA11
2025-09-18,142.52999877929688,BOVA11
2025-09-19,142.7899932861328,BOVA11
2025-09-22,141.99000549316406,BOVA11
2025-09-23,143.3300018310547,BOVA11
2025-09-24,143.4199981689453,BOVA11
2025-09-25,142.27999877929688,BOVA11
2025-09-26,142.44000244140625,BOVA11
2025-09-29,143.4499969482422,BOVA11
2025-09-30,143.24000549316406,BOVA11
2025-10-01,142.52000427246094,BOVA11
2025-10-02,140.99000549316406,BOVA11
2025-10-03,141.22000122070312,BOVA11
2025-10-06,140.6699981689453,BOVA11
2025-10-07,138.4499969482422,BOVA11
2025-10-08,139.1999969482422,BOVA11
2025-10-09,138.75,BOVA11
2025-10-10,137.80999755859375,BOVA11
2025-10-13,138.75,BOVA11
2025-10-14,138.74000549316406,BOVA11
2025-10-15,139.49000549316406,BOVA11
2025-10-16,139.16000366210938,BOVA11
2025-10-17,140.39999389648438,BOVA11
2025-10-20,141.27000427246094,BOVA11
2025-10-21,141.4499969482422,BOVA11
2025-10-22,141.8800048828125,BOVA11
2025-10-23,142.67999267578125,BOVA11
2025-10-27,144.0,BOVA11
2025-10-28,144.32000732421875,BOVA11
2025-10-29,145.3000030517578,BOVA11
2025-10-30,145.6999969482422,BOVA11
2025-10-31,146.41000366210938,BOVA11
2025-11-03,147.3699951171875,BOVA11
2025-11-04,147.52999877929688,BOVA11
2025-11-05,150.3800048828125,BOVA11
2025-11-06,150.10000610351562,BOVA11
2025-11-07,150.8000030517578,BOVA11
2025-11-10,152.25,BOVA11
2025-11-11,154.8000030517578,BOVA11
2025-11-12,154.44000244140625,BOVA11
2025-11-13,154.10000610351562,BOVA11
2025-11-14,154.33999633789062,BOVA11
2025-11-17,153.7899932861328,BOVA11
2025-11-18,153.52999877929688,BOVA11
2025-11-19,152.0,BOVA11
2025-11-21,151.9499969482422,BOVA11
2025-11-24,152.35000610351562,BOVA11
2025-11-25,152.97000122070312,BOVA11
2025-11-26,155.74000549316406,BOVA11
2025-11-27,155.32000732421875,BOVA11
2025-11-28,155.85000610351562,BOVA11
2025-12-01,155.5,BOVA11
2025-12-02,157.97000122070312,BOVA11
2025-12-03,158.39999389648438,BOVA11
2025-12-04,161.2899932861328,BOVA11
2025-12-05,154.17999267578125,BOVA11
2025-12-08,155.25,BOVA11
2025-12-09,154.5500030517578,BOVA11
2025-12-10,156.0,BOVA11
2025-12-11,156.19000244140625,BOVA11
2025-12-12,157.5,BOVA11
2025-12-15,159.3699951171875,BOVA11
2025-12-16,155.16000366210938,BOVA11
2025-12-17,154.35000610351562,BOVA11
2025-12-18,154.86000061035156,BOVA11
2025-12-19,155.3000030517578,BOVA11
2025-12-22,155.07000732421875,BOVA11
2025-12-23,157.42999267578125,BOVA11
2025-12-26,157.82000732421875,BOVA11
2025-12-29,157.41000366210938,BOVA11
2025-12-30,158.0,BOVA11
2026-01-02,157.36000061035156,BOVA11
2026-01-05,158.52000427246094,BOVA11
2026-01-06,160.1999969482422,BOVA11
2026-01-07,158.8000030517578,BOVA11
2026-01-08,159.60000610351562,BOVA11
2026-01-09,160.10000610351562,BOVA11
2026-01-12,160.14999389648438,BOVA11
2026-01-13,159.07000732421875,BOVA11
2026-01-14,162.24000549316406,BOVA11
2026-01-15,162.5500030517578,BOVA11
2026-01-16,161.57000732421875,BOVA11
2026-01-19,161.94000244140625,BOVA11
2026-01-20,162.9199981689453,BOVA11
2026-01-21,168.9499969482422,BOVA11
2026-01-22,172.74000549316406,BOVA11
2026-01-23,175.6999969482422,BOVA11
2026-01-26,175.3000030517578,BOVA11
2026-01-27,178.22999572753906,BOVA11
2026-01-28,181.39999389648438,BOVA11
2026-01-29,179.64999389648438,BOVA11
2026-01-30,178.1999969482422,BOVA11
2026-02-02,179.1999969482422,BOVA11
2026-02-03,182.19000244140625,BOVA11
2026-02-04,178.1999969482422,BOVA11
2026-02-05,178.64999389648438,BOVA11
2026-02-06,179.24000549316406,BOVA11
2026-02-09,182.7899932861328,BOVA11
2026-02-10,182.39999389648438,BOVA11
2026-02-11,185.99000549316406,BOVA11
2026-02-12,184.27999877929688,BOVA11
2026-02-13,182.97999572753906,BOVA11
2026-02-18,182.42999267578125,BOVA11
2026-02-19,184.99000549316406,BOVA11
2026-02-20,186.69000244140625,BOVA11
2026-02-23,185.1699981689453,BOVA11
2026-02-24,187.77999877929688,BOVA11
2026-02-25,187.4600067138672,BOVA11
2026-02-26,187.35000610351562,BOVA11
2026-02-27,185.16000366210938,BOVA11
2026-03-02,185.5,BOVA11
2026-03-03,179.3000030517578,BOVA11
2026-03-04,181.60000610351562,BOVA11
2026-03-05,176.75,BOVA11
2026-03-06,175.88999938964844,BOVA11
2026-03-09,177.25999450683594,BOVA11
2026-03-10,179.75,BOVA11
2026-03-11,180.2100067138672,BOVA11
2026-03-12,175.85000610351562,BOVA11
2026-03-13,174.5500030517578,BOVA11
2026-03-16,176.5500030517578,BOVA11
2026-03-17,176.8300018310547,BOVA11
2026-03-18,175.8000030517578,BOVA11
2026-03-19,177.5,BOVA11
2026-03-20,172.3000030517578,BOVA11
2026-03-23,178.89999389648438,BOVA11
2026-03-24,179.19000244140625,BOVA11
2026-03-25,182.1999969482422,BOVA11
2026-03-26,179.4499969482422,BOVA11
2026-03-27,177.74000549316406,BOVA11
2026-03-30,179.0,BOVA11
2026-03-31,184.27999877929688,BOVA11
2026-04-01,184.17999267578125,BOVA11
2026-04-02,184.3699951171875,BOVA11
2026-04-06,184.55999755859375,BOVA11
2026-04-07,185.0,BOVA11
2026-04-08,189.0,BOVA11
2026-04-09,191.6999969482422,BOVA11
2026-04-10,193.83999633789062,BOVA11
2026-04-13,194.3000030517578,BOVA11
2026-04-14,195.16000366210938,BOVA11
2026-04-15,193.86000061035156,BOVA11
2026-04-16,193.0500030517578,BOVA11
2026-04-17,192.10000610351562,BOVA11
2026-04-20,192.63999938964844,BOVA11
2026-04-22,189.3300018310547,BOVA11
2026-04-23,187.8699951171875,BOVA11
2026-04-24,187.00999450683594,BOVA11
2026-04-27,186.05999755859375,BOVA11
2026-04-28,185.16000366210938,BOVA11
2026-04-29,181.02999877929688,BOVA11
2026-04-30,184.08999633789062,BOVA11
2026-05-04,181.75999450683594,BOVA11
2026-05-05,183.27000427246094,BOVA11
2026-05-06,184.25,BOVA11
2026-05-07,179.6999969482422,BOVA11
2026-05-08,180.92999267578125,BOVA11
2026-05-11,178.58999633789062,BOVA11
2026-05-12,177.19000244140625,BOVA11
2026-05-13,173.7899932861328,BOVA11
2026-05-14,175.16000366210938,BOVA11
2026-05-15,173.8800048828125,BOVA11
2026-05-18,174.0,BOVA11
2026-05-19,170.8699951171875,BOVA11
2026-05-20,173.9499969482422,BOVA11
2026-05-21,174.1699981689453,BOVA11
2026-05-22,173.3000030517578,BOVA11
2026-05-25,174.47999572753906,BOVA11
2026-05-26,173.2899932861328,BOVA11
2026-05-27,172.5399932861328,BOVA11
2026-05-28,171.6999969482422,BOVA11
2026-05-29,170.75,BOVA11
2026-06-01,169.1199951171875,BOVA11
2026-06-02,171.42999267578125,BOVA11
2026-06-03,167.27999877929688,BOVA11
2026-06-05,165.75,BOVA11
2026-06-08,165.5,BOVA11
2026-06-09,166.4199981689453,BOVA11
2026-06-10,165.82000732421875,BOVA11
2026-06-11,168.6999969482422,BOVA11
2026-06-12,167.9199981689453,BOVA11
2026-06-15,167.58999633789062,BOVA11
2026-06-16,166.35000610351562,BOVA11
2026-06-17,165.13999938964844,BOVA11
2026-06-18,165.3800048828125,BOVA11
2026-06-19,165.1300048828125,BOVA11
2026-06-22,167.1199951171875,BOVA11
2026-06-23,168.2100067138672,BOVA11
2026-06-24,167.61000061035156,BOVA11
2026-06-25,169.0,BOVA11
2026-06-26,170.22000122070312,BOVA11
2026-06-29,170.2100067138672,BOVA11
2026-06-30,169.0500030517578,BOVA11
2026-07-01,168.8000030517578,BOVA11
2026-07-02,169.89999389648438,BOVA11
2026-07-03,171.11000061035156,BOVA11
2026-07-06,169.25,BOVA11
2026-07-07,169.02999877929688,BOVA11
2026-07-08,167.55999755859375,BOVA11
2026-07-09,169.8000030517578,BOVA11
2026-07-10,175.00999450683594,BOVA11
2026-07-13,172.25,BOVA11
2026-07-14,173.60000610351562,BOVA11
2026-07-15,172.75999450683594,BOVA11
2026-07-16,170.77000427246094,BOVA11
2026-07-17,170.6300048828125,BOVA11
2026-07-20,170.3000030517578,BOVA11
2026-07-21,170.33999633789062,BOVA11
2026-07-22,174.6999969482422,BOVA11
2026-07-23,173.4499969482422,BOVA11
2026-07-24,170.9499969482422,BOVA11
2026-07-27,172.75,BOVA11
2026-07-28,173.74000549316406,BOVA11
2026-07-29,170.5500030517578,BOVA11
